participant_id,Manip_intimacy,manip_thoughtful,manip_awkward,group_engage,group_enjoy,group_laugh,group_fun,group_close,group_like,group_other_like,group_other_tell,group_other_share,group_other_honest,group_other_know,group_tell,group_intimate,group_honest,group_know,IOS_slider_1,know_prior_study,know_prior_number,self_letter,personA_know,personA_name,personA_convos,PersonB_know,PersonB_name,PersonB_convos,PersonC_know,PersonC_name,PersonC_convos,PersonD_know,PersonD_name,PersonD_convos,technical_issues_p1,session,condition,school_belong,school_fit_in,school_outsider,school_comfort,school_uncertain,class_belong,class_fit_in,class_outsider,class_comfort,class_uncertain,know_prior_class,moti_intris_interest,moti_intris_like,moti_util_now,moti_util_future,moti_util_grad,class_enjoy,class_disclose,class_perform,demograph_birth,demog_gender_female,demog_gender_male,demog_gender_trans,demog_gender_twospirit,demog_gender_genderqueer,demog_gender_other,demog_gender_no_answer,demograph_gender_34_TEXT,demograph_race_41,demograph_race_11,demograph_race_12,demograph_race_13,demograph_race_19,demograph_race_31,demograph_race_32,demograph_race_33,demograph_race_39,demograph_race_21,demograph_race_22,demograph_race_23,demograph_race_29,demograph_race_51,demograph_race_52,demograph_race_59,demograph_race_42,demograph_race_89,demograph_race_99,demograph_race_89_TEXT,demograph_aca_year,demograph_aca_year_6_TEXT,demograph_inter_stud,psych_major_likely,demograph_parent_edu,demograph_share_p2,Finished_3,Question_1,Question_2,Question_3,Question_4,Question_5,Question_6,Question_7,Question_8,Question_9,Question_10,Question_11,gender_male_dummy,multiracial_sum,race_multiracial,race_white,race_black,race_hispanic,race_asian,race_native,Quiz_Q1,Quiz_Q2,Quiz_Q3,Quiz_Q4,Quiz_Q5,Quiz_Q6,Quiz_Q7,Quiz_Q8,Quiz_Q9,Quiz_Q10,Quiz_Q11,quiz_average,manip_check_comp2,self_disclosure_comp4,group_disclosure_comp4,school_outsiderR,school_belong_comp4,class_outsiderR,class_belong_comp4,motiv_intrins_comp2,motiv_util_comp3
103D,3,2,1,3,4,2,4,3,4,3,4,4,5,4,4,4,5,4,4,0,3,4,1,0,5,1,0,1,1,0,1,#NULL!,#NULL!,#NULL!,NA,103,1,6,6,2,6,2,7,6,1,7,1,0,4,4,4,4,4,3,3,6,2001,#NULL!,1,#NULL!,#NULL!,#NULL!,#NULL!,#NULL!,NA,NA,NA,NA,NA,NA,NA,NA,NA,NA,NA,NA,NA,NA,1,NA,NA,NA,NA,NA,NA,3,NA,0,1,36,NA,1,1,1,1,2,3,1,1,2,3,2,3,1,NA,NA,1,0,0,0,0,1,1,0,1,1,1,1,1,1,1,0,0.82,2.5,4.25,4.25,6,6,7,6.75,4,4
103B,1,3,1,4,4,3,4,3,5,3,3,2,4,3,3,2,5,2,3,0,3,2,1,0,5,#NULL!,#NULL!,#NULL!,1,0,1,#NULL!,#NULL!,#NULL!,NA,103,1,6,4,4,6,1,6,6,1,6,1,0,4,3,3,3,3,3,4,6,2002,#NULL!,1,#NULL!,#NULL!,#NULL!,#NULL!,#NULL!,NA,NA,1,NA,NA,NA,NA,NA,NA,NA,NA,NA,NA,NA,NA,NA,NA,NA,NA,NA,NA,2,NA,1,3,35,NA,1,1,1,3,2,4,1,1,2,3,2,3,1,NA,NA,0,0,0,1,0,1,1,1,1,0,1,1,1,1,1,0,0.82,2,3,3,4,5,7,6.25,3.5,3
103A,2,3,1,4,3,3,4,2,4,3,4,3,4,4,3,3,5,3,4,1,3,1,#NULL!,#NULL!,#NULL!,2,1,1,1,0,1,#NULL!,#NULL!,#NULL!,N/A,103,1,6,4,4,6,3,5,6,3,6,1,0,5,3,3,3,3,5,3,5,2001,#NULL!,1,#NULL!,#NULL!,#NULL!,#NULL!,#NULL!,NA,NA,NA,NA,NA,NA,NA,NA,NA,NA,NA,NA,NA,NA,1,NA,NA,NA,NA,NA,NA,2,NA,0,1,36,N/A,1,1,1,1,3,1,1,2,2,1,1,3,1,NA,NA,1,0,0,0,0,1,1,0,0,0,1,0,1,0,0,1,0.45,2.5,3.5,3.75,4,5,5,5.5,4,3
104C,2,3,3,3,3,2,2,2,3,3,3,2,3,3,2,2,4,3,3,0,4,3,1,0,5,1,1,1,#NULL!,#NULL!,#NULL!,1,0,1,NA,104,0,5,5,3,4,3,6,6,2,6,1,0,3,3,3,3,3,3,3,6,2002,1,#NULL!,#NULL!,#NULL!,#NULL!,#NULL!,#NULL!,NA,NA,NA,NA,NA,NA,NA,NA,NA,NA,NA,NA,NA,NA,1,NA,NA,NA,NA,NA,NA,1,NA,0,2,37,NA,1,1,2,3,2,3,1,1,4,3,1,3,0,NA,NA,1,0,0,0,0,1,0,1,1,1,1,1,0,1,0,1,0.73,2.5,2.75,2.75,5,4.75,6,6,3,3
104D,3,3,3,2,2,3,2,2,3,3,3,3,3,3,3,3,3,3,3,3,4,4,2,1,4,1,0,1,1,0,1,#NULL!,#NULL!,#NULL!,NA,104,0,6,6,3,2,3,6,6,3,2,2,0,5,4,3,4,5,3,2,5,2003,1,#NULL!,#NULL!,#NULL!,#NULL!,#NULL!,#NULL!,NA,NA,NA,NA,NA,NA,NA,NA,NA,NA,NA,NA,NA,NA,1,NA,NA,NA,NA,NA,NA,1,NA,0,5,37,NA,1,1,1,3,2,4,3,3,2,3,1,3,0,NA,NA,1,0,0,0,0,1,1,1,1,0,0,0,1,1,0,1,0.64,3,3,3,5,4.75,5,4.75,4.5,4
104A,2,3,2,3,4,2,3,1,3,3,3,2,4,2,4,3,5,4,2,1,4,1,#NULL!,#NULL!,#NULL!,3,1,4,1,0,1,1,0,1,"I know that at the start of the second round, I suggested that Kate (participant C) could start asking the questions in that round, and I later saw that I was supposed to start the asking in each round, so I apologize for that.",104,0,6,6,3,6,2,7,7,4,6,2,1,5,4,5,4,4,5,2,6,2002,1,#NULL!,#NULL!,#NULL!,#NULL!,#NULL!,#NULL!,NA,NA,NA,NA,NA,NA,NA,NA,NA,NA,NA,NA,NA,NA,1,NA,NA,NA,NA,NA,NA,2,NA,0,2,36,The course material in our class is extremely interesting!,1,1,1,3,3,4,1,1,2,3,2,4,0,NA,NA,1,0,0,0,0,1,1,1,0,0,1,1,1,1,1,0,0.73,2.5,4,2.75,5,5.75,4,6,4.5,4.333333333
104B,3,4,1,4,4,2,3,2,3,3,3,2,3,3,3,2,4,3,2,1,4,2,3,1,1,#NULL!,#NULL!,#NULL!,1,0,1,1,0,1,N/A,104,0,6,6,2,6,2,7,7,1,7,1,0,5,4,5,5,5,5,3,6,2001,1,#NULL!,#NULL!,#NULL!,#NULL!,#NULL!,#NULL!,NA,NA,NA,NA,NA,NA,NA,NA,NA,NA,NA,NA,NA,NA,1,NA,NA,NA,NA,NA,NA,2,NA,0,1,37,N/A,1,1,2,3,2,1,2,1,2,3,2,3,0,NA,NA,1,0,0,0,0,1,0,1,1,0,0,1,1,1,1,0,0.64,3.5,3,2.75,6,6,7,7,4.5,5
105D,3,4,2,4,4,4,3,3,5,4,4,3,5,3,3,3,4,3,5,2,4,4,2,1,3,3,1,3,1,0,1,#NULL!,#NULL!,#NULL!,The slider question was a little hard to move around.,105,0,6,7,1,7,3,7,7,1,7,1,2,5,4,5,5,4,5,1,6,2003,1,#NULL!,#NULL!,#NULL!,#NULL!,#NULL!,#NULL!,NA,NA,NA,NA,NA,NA,NA,NA,NA,NA,NA,NA,NA,NA,1,NA,NA,NA,NA,NA,NA,1,NA,0,4,36,NA,1,1,2,3,2,4,1,3,3,3,2,2,0,NA,NA,1,0,0,0,0,1,0,1,1,0,1,0,0,1,1,0,0.55,3.5,3.25,3.75,7,6.75,7,7,4.5,4.666666667
105C,2,3,3,3,3,2,2,1,3,3,3,2,3,3,3,2,5,3,4,1,4,3,1,1,5,1,1,1,#NULL!,#NULL!,#NULL!,1,0,1,N/A,105,0,7,7,1,7,3,5,5,3,5,3,1,4,3,4,4,2,5,4,5,2002,1,#NULL!,#NULL!,#NULL!,#NULL!,#NULL!,#NULL!,NA,NA,NA,NA,NA,NA,NA,NA,NA,NA,NA,NA,NA,NA,1,NA,NA,NA,NA,NA,NA,1,NA,0,1,37,N/A,1,1,2,1,3,3,1,2,2,3,3,1,0,NA,NA,1,0,0,0,0,1,0,0,0,1,1,0,1,1,0,0,0.45,2.5,3.25,2.75,7,7,5,5,3.5,3.333333333
105A,3,4,2,3,3,2,2,3,4,3,4,3,4,3,3,3,4,3,3,1,4,1,#NULL!,#NULL!,#NULL!,3,1,4,1,0,1,1,0,1,N/A,105,0,6,5,2,6,2,6,6,2,6,1,0,4,4,3,3,3,5,3,6,2003,1,#NULL!,#NULL!,#NULL!,#NULL!,#NULL!,#NULL!,NA,NA,NA,NA,NA,NA,NA,NA,NA,NA,NA,NA,NA,NA,NA,NA,1,NA,NA,NA,NA,1,NA,0,4,36,N/A,1,1,1,1,2,2,1,3,1,3,2,1,0,NA,NA,1,0,0,0,0,1,1,0,1,0,1,0,0,1,1,0,0.55,3.5,3.25,3.5,6,5.75,6,6,4,3
105B,3,4,2,3,3,4,4,2,4,3,4,3,5,4,4,4,5,4,4,2,4,2,5,1,1,#NULL!,#NULL!,#NULL!,1,0,1,2,1,2,NA,105,0,7,7,1,7,2,6,6,6,6,2,0,5,2,4,4,3,4,4,6,2003,1,#NULL!,#NULL!,#NULL!,#NULL!,#NULL!,#NULL!,NA,NA,NA,NA,NA,NA,NA,NA,NA,NA,NA,NA,NA,NA,1,NA,NA,NA,NA,NA,NA,1,NA,0,3,37,NA,1,1,1,4,2,2,1,2,3,3,1,2,0,NA,NA,1,0,0,0,0,1,1,0,1,0,1,0,0,1,0,1,0.55,3.5,4.25,4,7,7,2,5,3.5,3.666666667
106A,2,3,2,3,4,3,2,2,4,3,4,4,3,4,4,3,5,3,4,0,4,1,#NULL!,#NULL!,#NULL!,1,0,1,1,0,1,1,0,1,NA,106,1,6,6,2,6,3,7,7,2,6,2,3,4,4,4,4,4,4,2,6,2003,1,#NULL!,#NULL!,#NULL!,#NULL!,#NULL!,#NULL!,NA,NA,NA,NA,NA,NA,NA,NA,NA,NA,NA,NA,NA,NA,1,NA,NA,NA,NA,NA,NA,1,NA,0,5,36,NA,1,1,1,3,2,4,1,1,2,3,3,3,0,NA,NA,1,0,0,0,0,1,1,1,1,0,1,1,1,1,0,0,0.73,2.5,3.75,3.75,6,6,6,6.5,4,4
106D,4,4,2,4,4,3,3,2,4,4,5,4,4,3,3,4,4,4,5,0,4,4,1,0,5,1,0,1,1,0,1,#NULL!,#NULL!,#NULL!,NA,106,1,5,6,4,6,3,6,6,2,6,1,0,4,4,5,5,4,4,2,6,2002,#NULL!,1,#NULL!,#NULL!,#NULL!,#NULL!,#NULL!,NA,NA,1,1,NA,NA,NA,NA,NA,NA,NA,NA,NA,NA,NA,NA,NA,NA,NA,NA,NA,1,NA,1,4,23,NA,1,1,1,1,2,3,1,1,2,3,3,1,1,NA,NA,0,0,0,1,0,1,1,0,1,1,1,1,1,1,0,0,0.73,4,3.75,4,4,5.25,6,6,4,4.666666667
106C,1,3,3,2,3,2,2,1,3,3,3,3,4,2,3,3,4,2,2,0,4,3,1,0,5,1,0,1,#NULL!,#NULL!,#NULL!,1,0,1,NA,106,1,6,6,1,6,2,4,4,4,4,2,1,3,2,2,2,2,2,1,5,2001,#NULL!,1,#NULL!,#NULL!,#NULL!,#NULL!,#NULL!,NA,NA,NA,NA,NA,NA,NA,NA,NA,NA,NA,NA,NA,NA,1,NA,NA,NA,NA,NA,NA,2,NA,0,3,36,NA,1,1,3,1,2,3,1,4,2,3,1,4,1,NA,NA,1,0,0,0,0,1,0,0,1,1,1,0,1,1,0,1,0.64,2,3,3,7,6.25,4,4,2.5,2
106B,2,3,5,2,2,1,1,1,3,2,1,1,4,2,1,1,5,1,2,0,4,2,1,0,5,#NULL!,#NULL!,#NULL!,1,0,1,1,0,1,None,106,1,5,5,3,5,3,7,6,2,7,1,2,4,4,4,5,5,4,1,6,2003,1,#NULL!,#NULL!,#NULL!,#NULL!,#NULL!,#NULL!,NA,NA,NA,NA,NA,NA,NA,NA,NA,NA,NA,NA,NA,NA,1,NA,NA,NA,NA,NA,NA,1,NA,0,5,34,None,1,1,4,1,2,4,1,1,2,3,3,4,0,NA,NA,1,0,0,0,0,1,0,0,1,0,1,1,1,1,0,0,0.55,2.5,2,2,5,5,6,6.5,4,4.666666667
107B,2,3,3,4,4,2,3,2,4,4,3,3,5,4,3,3,5,4,3,2,3,2,2,1,4,#NULL!,#NULL!,#NULL!,2,1,3,#NULL!,#NULL!,#NULL!,NA,107,1,7,7,1,7,1,7,7,1,6,1,2,4,3,4,4,4,4,3,6,2003,1,#NULL!,#NULL!,#NULL!,#NULL!,#NULL!,#NULL!,NA,NA,NA,NA,NA,NA,NA,NA,NA,NA,NA,NA,NA,NA,1,NA,NA,NA,NA,NA,NA,1,NA,0,2,36,NA,1,1,1,3,2,4,3,3,3,3,1,3,0,NA,NA,1,0,0,0,0,1,1,1,1,0,0,0,0,1,0,1,0.55,2.5,3.75,3.75,7,7,7,6.75,3.5,4
107C,1,2,3,3,3,2,2,1,3,3,3,3,3,3,3,3,4,3,2,1,3,3,1,0,5,3,1,3,#NULL!,#NULL!,#NULL!,#NULL!,#NULL!,#NULL!,NA,107,1,6,6,2,6,4,6,6,2,6,1,1,5,4,4,5,5,5,3,6,2002,1,#NULL!,#NULL!,#NULL!,#NULL!,#NULL!,#NULL!,NA,NA,NA,NA,NA,NA,NA,NA,NA,NA,NA,NA,NA,NA,1,NA,NA,NA,NA,NA,NA,1,NA,0,5,37,NA,1,1,2,3,2,3,1,1,2,3,2,3,0,NA,NA,1,0,0,0,0,1,0,1,1,1,1,1,1,1,1,0,0.82,1.5,3.25,3,6,6,6,6,4.5,4.666666667
107A,1,1,3,2,2,1,1,1,2,3,2,2,4,3,3,3,3,3,2,1,3,1,#NULL!,#NULL!,#NULL!,1,1,2,1,0,1,#NULL!,#NULL!,#NULL!,NA,107,1,6,1,2,6,3,5,4,4,4,3,4,3,2,2,3,3,3,3,5,2003,#NULL!,1,#NULL!,#NULL!,#NULL!,#NULL!,#NULL!,NA,NA,NA,NA,NA,NA,NA,NA,NA,NA,NA,NA,NA,NA,1,NA,NA,NA,NA,NA,NA,1,NA,0,1,37,NA,1,1,1,3,1,4,3,1,3,2,2,4,1,NA,NA,1,0,0,0,0,1,1,1,0,0,0,1,0,0,1,0,0.45,1,3,2.75,6,4.75,4,4.25,2.5,2.666666667
108D,2,3,2,3,3,2,3,2,4,3,4,3,3,2,3,2,3,3,3,1,4,4,1,1,5,1,0,1,3,1,3,#NULL!,#NULL!,#NULL!,NA,108,0,6,6,2,6,2,4,4,2,4,2,3,4,3,3,3,3,3,3,5,2002,#NULL!,1,#NULL!,#NULL!,#NULL!,#NULL!,#NULL!,NA,NA,NA,NA,NA,NA,NA,NA,NA,NA,NA,NA,NA,NA,1,NA,NA,NA,NA,NA,NA,2,NA,0,1,37,NA,1,1,1,1,2,4,1,2,2,3,1,1,1,NA,NA,1,0,0,0,0,1,1,0,1,0,1,0,1,1,0,1,0.64,2.5,2.75,3,6,6,6,4.5,3.5,3
108A,3,3,2,5,3,2,2,2,5,5,3,2,4,3,2,2,4,3,3,2,4,1,#NULL!,#NULL!,#NULL!,4,1,4,1,0,1,2,0,2,NA,108,0,7,7,1,7,1,4,5,3,7,1,2,5,3,5,5,5,4,1,4,2002,1,#NULL!,#NULL!,#NULL!,#NULL!,#NULL!,#NULL!,NA,NA,NA,NA,NA,NA,NA,NA,NA,NA,NA,NA,NA,NA,1,NA,NA,NA,NA,NA,NA,2,NA,0,1,36,NA,1,4,2,1,2,3,1,3,2,1,3,3,0,NA,NA,1,0,0,0,0,0,0,0,1,1,1,0,1,0,0,0,0.36,3,2.75,3,7,7,5,5.25,4,5
108C,3,4,1,5,5,4,4,3,4,4,4,4,5,4,4,3,5,3,7,2,4,3,3,1,3,3,1,3,#NULL!,#NULL!,#NULL!,2,0,1,None!,108,0,6,6,4,6,2,6,7,2,7,1,4,5,5,5,5,3,5,4,6,2002,1,#NULL!,#NULL!,#NULL!,#NULL!,#NULL!,#NULL!,NA,NA,NA,NA,NA,NA,NA,NA,NA,NA,NA,NA,NA,NA,1,NA,NA,NA,NA,NA,NA,2,NA,0,5,37,NA,1,1,1,3,2,1,1,2,1,1,2,3,0,NA,NA,1,0,0,0,0,1,1,1,1,0,1,0,0,0,1,0,0.55,3.5,3.75,4.25,4,5.5,6,6.5,5,4.333333333
108B,4,4,3,3,2,2,2,2,4,3,3,3,3,4,3,3,4,3,2,0,4,2,1,0,5,#NULL!,#NULL!,#NULL!,1,1,1,1,0,1,NA,108,0,7,7,1,6,1,7,7,1,6,1,0,5,5,5,5,5,5,2,5,2003,1,#NULL!,#NULL!,#NULL!,#NULL!,#NULL!,#NULL!,NA,NA,NA,NA,NA,NA,NA,NA,NA,NA,NA,NA,NA,NA,1,NA,NA,NA,NA,NA,NA,1,NA,0,5,36,NA,1,1,1,1,2,4,1,3,3,1,3,3,0,NA,NA,1,0,0,0,0,1,1,0,1,0,1,0,0,0,0,0,0.36,4,3.25,3.25,7,6.75,7,6.75,5,5
109B,1,3,2,3,3,2,3,2,4,3,4,3,4,3,4,3,4,3,4,1,4,2,1,1,5,#NULL!,#NULL!,#NULL!,4,1,4,2,1,2,None,109,1,6,6,3,6,2,7,7,1,7,1,0,5,4,5,5,5,5,4,6,2003,1,#NULL!,#NULL!,#NULL!,#NULL!,#NULL!,#NULL!,NA,NA,NA,NA,NA,NA,NA,NA,NA,NA,NA,NA,NA,NA,NA,NA,1,NA,NA,NA,NA,1,NA,0,5,37,None,1,1,2,3,2,4,1,1,2,3,2,4,0,NA,NA,1,0,0,0,0,1,0,1,1,0,1,1,1,1,1,0,0.73,2,3.5,3.5,5,5.75,7,7,4.5,5
109D,1,3,3,4,4,2,3,2,4,3,3,2,4,3,3,3,5,3,3,0,4,4,2,1,5,1,0,1,1,1,2,#NULL!,#NULL!,#NULL!,NA,109,1,5,5,3,4,2,5,4,4,4,2,0,4,3,4,3,3,4,4,5,2003,1,#NULL!,#NULL!,#NULL!,#NULL!,#NULL!,#NULL!,NA,NA,NA,NA,NA,NA,NA,NA,NA,NA,NA,NA,NA,NA,1,NA,NA,NA,NA,NA,NA,1,NA,1,5,34,NA,1,1,3,1,2,1,1,3,1,3,2,2,0,NA,NA,1,0,0,0,0,1,0,0,1,0,1,0,0,1,1,0,0.45,2,3.5,3,5,4.75,4,4.25,3.5,3.333333333
109A,2,3,3,3,3,1,3,2,4,3,3,3,3,3,3,3,3,3,2,0,4,1,#NULL!,#NULL!,#NULL!,3,0,1,3,0,1,3,0,1,I needed to use airpods because zoom is always difficult with my microphone,109,1,6,6,3,5,3,5,5,3,5,2,1,4,3,5,5,5,4,3,5,2001,1,#NULL!,#NULL!,#NULL!,#NULL!,#NULL!,#NULL!,NA,NA,NA,NA,NA,NA,NA,NA,NA,NA,NA,NA,NA,NA,1,NA,NA,NA,NA,NA,NA,3,NA,0,1,37,same technical difficulties with microphone and my computer. This is a problem with my computer and not the study,1,1,3,3,2,2,1,1,2,3,2,3,0,NA,NA,1,0,0,0,0,1,0,1,1,0,1,1,1,1,1,0,0.73,2.5,3,3,5,5.5,5,5,3.5,5
109C,2,3,3,3,4,2,3,2,4,4,4,3,4,3,4,4,4,3,3,1,4,3,1,0,5,4,1,4,#NULL!,#NULL!,#NULL!,1,1,2,NA,109,1,6,6,2,6,2,6,6,2,5,2,0,3,3,4,4,4,3,4,6,2003,1,#NULL!,#NULL!,#NULL!,#NULL!,#NULL!,#NULL!,NA,NA,NA,NA,NA,NA,NA,NA,NA,NA,NA,NA,NA,NA,1,NA,NA,NA,NA,NA,NA,1,NA,0,2,37,NA,1,1,1,3,2,4,1,3,2,3,2,3,0,NA,NA,1,0,0,0,0,1,1,1,1,0,1,0,1,1,1,0,0.73,2.5,3.75,3.5,6,6,6,5.75,3,4
110B,1,3,2,4,4,4,5,3,5,5,4,3,5,5,5,3,5,5,6,2,3,2,3,1,3,#NULL!,#NULL!,#NULL!,3,1,4,#NULL!,#NULL!,#NULL!,NA,110,1,5,6,4,6,3,7,7,3,7,2,2,4,5,5,4,3,4,3,6,2003,#NULL!,1,#NULL!,#NULL!,#NULL!,#NULL!,#NULL!,NA,NA,NA,NA,NA,NA,NA,NA,NA,NA,1,NA,NA,NA,NA,NA,1,NA,NA,NA,NA,1,NA,0,3,35,NA,1,4,2,3,2,3,1,4,2,3,2,1,1,NA,NA,1,1,0,0,0,0,0,1,1,1,1,0,1,1,1,0,0.64,2,4.5,4.25,4,5.25,5,6.5,4.5,4
110C,2,2,3,3,3,3,3,2,4,3,3,2,4,3,3,1,4,2,4,2,3,3,1,1,4,2,1,4,#NULL!,#NULL!,#NULL!,#NULL!,#NULL!,#NULL!,NA,110,1,5,5,3,2,4,7,6,2,5,1,0,4,3,4,4,4,4,4,6,2003,1,#NULL!,#NULL!,#NULL!,#NULL!,#NULL!,#NULL!,NA,NA,NA,NA,NA,NA,NA,NA,NA,NA,NA,NA,NA,NA,1,NA,NA,NA,NA,NA,NA,1,NA,0,4,37,NA,1,1,3,3,2,4,1,1,4,2,2,3,0,NA,NA,1,0,0,0,0,1,0,1,1,0,1,1,0,0,1,0,0.55,2,2.5,3,5,4.25,6,6,3.5,4
110A,1,1,2,2,3,2,3,2,4,3,3,2,4,3,3,2,4,3,2,1,3,1,#NULL!,#NULL!,#NULL!,4,1,4,2,1,2,#NULL!,#NULL!,#NULL!,NA,110,1,7,7,1,7,1,6,5,2,6,2,0,4,3,2,3,3,3,3,5,2003,1,#NULL!,#NULL!,#NULL!,#NULL!,#NULL!,#NULL!,NA,NA,NA,NA,NA,NA,NA,NA,NA,NA,NA,NA,NA,NA,1,NA,NA,NA,NA,NA,NA,1,NA,0,2,37,NA,1,1,3,1,1,3,1,1,2,3,2,3,0,NA,NA,1,0,0,0,0,1,0,0,0,1,1,1,1,1,1,0,0.64,1,3,3,7,7,6,5.75,3.5,2.666666667
111B,1,2,1,4,4,2,3,2,4,4,3,2,4,2,2,2,4,2,2,0,4,2,1,0,5,#NULL!,#NULL!,#NULL!,1,0,1,1,0,1,NA,111,1,5,6,2,5,2,7,7,1,7,1,1,5,4,4,4,4,4,1,5,2003,1,#NULL!,#NULL!,#NULL!,#NULL!,#NULL!,#NULL!,NA,1,NA,NA,NA,NA,NA,NA,NA,NA,1,NA,NA,NA,NA,NA,NA,NA,NA,NA,NA,1,NA,0,4,37,NA,1,1,1,1,2,4,1,1,2,3,2,1,0,NA,NA,0,1,0,0,1,1,1,0,1,0,1,1,1,1,1,0,0.73,1.5,2.5,2.75,6,5.5,7,7,4.5,4
111D,2,3,1,5,5,2,4,3,4,4,4,4,4,4,4,4,4,3,5,0,4,4,1,1,5,1,0,1,1,0,1,#NULL!,#NULL!,#NULL!,NA,111,1,7,6,4,6,2,7,7,1,7,1,2,4,3,4,4,4,5,3,5,2002,#NULL!,1,#NULL!,#NULL!,#NULL!,#NULL!,#NULL!,NA,NA,NA,NA,NA,NA,NA,NA,NA,NA,NA,NA,NA,NA,1,NA,NA,NA,NA,NA,NA,1,NA,0,1,36,NA,1,1,1,1,2,4,1,1,2,3,2,3,1,NA,NA,1,0,0,0,0,1,1,0,1,0,1,1,1,1,1,0,0.73,2.5,3.75,4,4,5.75,7,7,3.5,4
111C,3,2,2,3,4,3,3,3,4,4,4,4,4,5,4,2,5,4,4,1,4,3,1,1,5,1,1,1,#NULL!,#NULL!,#NULL!,2,1,3,NA,111,1,7,6,1,7,2,7,7,1,7,1,3,5,4,2,2,2,5,3,6,2003,#NULL!,1,#NULL!,#NULL!,#NULL!,#NULL!,#NULL!,NA,NA,NA,NA,NA,NA,NA,NA,NA,NA,NA,NA,NA,NA,1,NA,NA,NA,NA,NA,NA,1,NA,0,1,36,NA,1,1,1,1,2,4,4,2,1,3,1,3,1,NA,NA,1,0,0,0,0,1,1,0,1,0,0,0,0,1,0,1,0.45,2.5,3.75,4.25,7,6.75,7,7,4.5,2
111A,4,4,2,3,3,2,3,2,3,3,3,3,4,4,3,3,5,3,4,0,4,1,#NULL!,#NULL!,#NULL!,1,0,1,1,0,1,1,0,1,NA,111,1,6,6,2,2,2,6,6,2,6,1,2,3,2,2,2,2,4,3,5,2002,#NULL!,1,#NULL!,#NULL!,#NULL!,#NULL!,#NULL!,NA,NA,NA,NA,NA,NA,NA,NA,NA,NA,NA,NA,NA,NA,1,NA,NA,NA,NA,NA,NA,1,NA,0,1,37,NA,1,1,2,1,2,3,1,3,2,3,1,4,1,NA,NA,1,0,0,0,0,1,0,0,1,1,1,0,1,1,0,1,0.64,4,3.5,3.5,6,5,6,6,2.5,2
112A,2,2,3,4,3,3,3,2,3,3,2,2,4,3,2,2,5,3,3,2,4,1,#NULL!,#NULL!,#NULL!,1,0,1,5,1,4,2,1,3,NA,112,1,7,6,2,6,1,7,6,2,5,1,4,5,4,4,5,5,4,2,6,2002,1,#NULL!,#NULL!,#NULL!,#NULL!,#NULL!,#NULL!,NA,NA,NA,NA,NA,NA,NA,NA,NA,NA,NA,NA,NA,NA,1,NA,NA,NA,NA,NA,NA,1,NA,0,5,36,NA,1,1,1,3,2,1,1,2,2,3,1,1,0,NA,NA,1,0,0,0,0,1,1,1,1,0,1,0,1,1,0,1,0.73,2,3,2.75,6,6.25,6,6,4.5,4.666666667
112B,1,4,2,3,3,3,3,2,4,3,3,2,4,4,3,3,5,3,2,0,4,2,1,0,5,#NULL!,#NULL!,#NULL!,1,0,1,1,0,1,NA,112,1,5,5,4,5,3,6,5,2,6,1,0,4,4,3,4,3,4,2,6,2003,#NULL!,1,#NULL!,#NULL!,#NULL!,#NULL!,#NULL!,NA,NA,NA,NA,NA,NA,NA,NA,NA,NA,NA,NA,NA,NA,1,NA,NA,NA,NA,NA,NA,1,NA,0,2,37,NA,1,1,1,1,2,3,1,2,1,4,4,4,1,NA,NA,1,0,0,0,0,1,1,0,1,1,1,0,0,0,0,0,0.45,2.5,3.5,3.25,4,4.75,6,5.75,4,3.333333333
112C,2,3,2,2,3,2,3,1,4,3,3,2,3,3,3,2,4,2,3,1,4,3,5,1,1,1,0,1,#NULL!,#NULL!,#NULL!,1,0,1,NA,112,1,6,6,3,4,2,6,6,2,4,1,4,4,4,4,5,4,4,1,6,2003,1,#NULL!,#NULL!,#NULL!,#NULL!,#NULL!,#NULL!,NA,NA,NA,NA,NA,NA,NA,NA,NA,NA,NA,NA,NA,NA,1,NA,NA,NA,NA,NA,NA,1,NA,0,5,36,NA,1,1,2,1,2,3,1,1,4,3,2,4,0,NA,NA,1,0,0,0,0,1,0,0,1,1,1,1,0,1,1,0,0.64,2.5,2.75,2.75,5,5.25,6,5.5,4,4.333333333
112D,1,2,2,3,2,2,3,2,3,3,2,3,4,3,2,3,5,3,2,1,4,4,2,1,3,1,0,1,1,0,1,#NULL!,#NULL!,#NULL!,NA,112,1,7,7,1,7,2,7,7,1,7,1,0,3,2,3,3,3,3,2,6,2003,1,#NULL!,#NULL!,#NULL!,#NULL!,#NULL!,#NULL!,NA,NA,NA,NA,NA,NA,NA,NA,NA,NA,NA,NA,NA,NA,1,NA,NA,NA,NA,NA,NA,1,NA,0,1,37,NA,1,1,1,3,2,3,1,1,2,3,2,3,0,NA,NA,1,0,0,0,0,1,1,1,1,1,1,1,1,1,1,0,0.91,1.5,3.25,3,7,7,7,7,2.5,3
113C,2,2,2,3,4,3,3,2,4,3,3,2,4,3,2,2,4,2,3,2,4,3,1,0,5,1,1,1,#NULL!,#NULL!,#NULL!,1,1,1,NA,113,1,7,7,2,6,2,3,6,4,5,4,1,4,4,5,4,4,4,4,5,2003,1,#NULL!,#NULL!,#NULL!,#NULL!,#NULL!,#NULL!,NA,NA,NA,NA,NA,NA,NA,NA,NA,NA,NA,NA,NA,NA,1,NA,NA,NA,NA,NA,NA,1,NA,0,2,37,NA,1,1,1,4,2,3,1,1,1,1,1,3,0,NA,NA,1,0,0,0,0,1,1,0,1,1,1,1,0,0,0,1,0.64,2,2.5,3,6,6.5,4,4.5,4,4.333333333
113D,1,3,5,2,3,2,2,2,4,3,3,3,4,3,3,3,4,3,3,1,4,4,2,1,5,2,1,1,2,0,1,#NULL!,#NULL!,#NULL!,NA,113,1,4,4,7,4,4,7,7,1,7,1,3,4,3,5,5,5,4,5,5,2001,1,#NULL!,#NULL!,#NULL!,#NULL!,#NULL!,#NULL!,NA,1,NA,NA,NA,NA,NA,NA,NA,1,1,NA,1,NA,NA,NA,NA,NA,NA,NA,NA,2,NA,0,2,37,NA,1,1,2,1,2,4,1,2,2,3,1,3,0,NA,NA,0,1,1,0,1,1,0,0,1,0,1,0,1,1,0,1,0.55,2,3.25,3.25,1,3.25,7,7,3.5,5
113A,1,2,4,2,3,2,2,1,4,3,3,2,4,3,3,2,5,2,2,0,4,1,#NULL!,#NULL!,#NULL!,1,1,1,1,1,1,1,1,1,NA,113,1,5,2,5,6,3,6,6,2,6,2,0,4,4,5,5,5,4,2,5,2002,1,#NULL!,#NULL!,#NULL!,#NULL!,#NULL!,#NULL!,NA,NA,NA,NA,NA,NA,NA,NA,NA,NA,NA,NA,NA,NA,1,NA,NA,NA,NA,NA,NA,2,NA,0,5,34,NA,1,1,2,3,2,4,1,3,2,3,3,4,0,NA,NA,1,0,0,0,0,1,0,1,1,0,1,0,1,1,0,0,0.55,1.5,3,3,3,4,6,6,4,5
113B,2,4,2,5,4,2,4,2,4,3,4,2,4,4,4,1,4,3,3,1,4,2,1,0,5,#NULL!,#NULL!,#NULL!,1,1,1,1,1,1,NA,113,1,4,4,5,3,4,5,5,4,6,2,2,4,3,3,3,3,4,1,5,1999,1,#NULL!,1,#NULL!,#NULL!,#NULL!,#NULL!,NA,NA,NA,NA,NA,NA,NA,NA,NA,NA,NA,NA,NA,NA,1,NA,NA,NA,NA,NA,NA,4,NA,0,1,37,NA,1,1,4,1,2,1,1,3,2,3,2,3,0,NA,NA,1,0,0,0,0,1,0,0,1,0,1,0,1,1,1,0,0.55,3,3,3.5,3,3.5,4,5,3.5,3
114B,3,4,2,2,2,2,2,1,3,2,4,4,4,4,4,4,5,4,2,3,4,2,1,0,5,#NULL!,#NULL!,#NULL!,2,1,1,1,0,2,NA,114,0,7,6,2,6,1,7,2,6,3,4,1,3,1,2,1,2,1,4,6,2002,#NULL!,1,#NULL!,#NULL!,#NULL!,#NULL!,#NULL!,NA,NA,NA,NA,NA,NA,NA,NA,1,NA,NA,NA,NA,NA,1,NA,NA,NA,NA,NA,NA,1,NA,0,1,36,NA,1,4,1,3,2,3,1,1,2,3,2,4,1,NA,NA,1,0,1,0,0,0,1,1,1,1,1,1,1,1,1,0,0.82,3.5,4.25,4,6,6.25,2,3.5,2,1.666666667
114D,4,4,2,4,4,3,4,3,4,4,4,4,5,5,4,4,5,4,4,3,4,4,1,1,5,1,1,2,1,1,2,#NULL!,#NULL!,#NULL!,NA,114,0,6,5,3,6,2,7,6,2,6,1,4,5,4,4,4,4,5,5,6,2002,1,#NULL!,#NULL!,#NULL!,#NULL!,#NULL!,#NULL!,NA,NA,NA,NA,NA,NA,NA,NA,NA,NA,NA,NA,NA,NA,1,NA,NA,NA,NA,NA,NA,1,NA,0,4,37,NA,1,1,2,3,2,1,1,3,4,3,1,2,0,NA,NA,1,0,0,0,0,1,0,1,1,0,1,0,0,1,0,1,0.55,4,4.25,4.5,5,5.5,6,6.25,4.5,4
114A,3,4,2,5,4,2,4,3,4,3,4,5,5,4,4,3,5,4,5,1,4,1,#NULL!,#NULL!,#NULL!,1,0,1,2,1,2,2,1,2,Sometimes it was hard to hear someone talk even though I had the volume all the way up,114,0,7,5,4,6,3,7,7,1,7,1,1,4,4,3,3,3,5,5,6,2002,#NULL!,1,#NULL!,#NULL!,#NULL!,#NULL!,#NULL!,NA,NA,NA,1,NA,NA,NA,NA,NA,NA,NA,NA,NA,NA,1,NA,NA,NA,NA,NA,NA,1,NA,0,3,37,NA,1,1,1,3,2,4,1,1,2,3,3,3,1,NA,NA,1,0,0,1,0,1,1,1,1,0,1,1,1,1,0,0,0.73,3.5,4,4.5,4,5.5,7,7,4,3
114C,3,4,2,4,4,2,4,3,4,3,4,3,4,4,4,4,5,4,3,0,4,3,1,1,5,1,0,1,#NULL!,#NULL!,#NULL!,1,0,1,NA,114,0,4,4,4,4,4,7,7,1,7,1,0,5,5,5,5,5,5,3,6,2003,1,#NULL!,#NULL!,#NULL!,#NULL!,#NULL!,#NULL!,NA,NA,NA,NA,NA,NA,NA,NA,NA,NA,NA,NA,NA,NA,1,NA,NA,NA,NA,NA,NA,1,NA,0,5,37,NA,1,1,2,1,2,3,1,4,2,3,1,4,0,NA,NA,1,0,0,0,0,1,0,0,1,1,1,0,1,1,0,1,0.64,3.5,4.25,3.75,4,4,7,7,5,5
115D,3,4,2,4,3,3,3,4,3,3,4,4,4,3,4,4,4,3,3,0,4,4,1,0,5,1,0,1,1,0,1,#NULL!,#NULL!,#NULL!,NA,115,0,4,4,3,5,2,5,5,2,6,1,0,2,2,3,2,2,4,2,6,2003,#NULL!,1,#NULL!,#NULL!,#NULL!,#NULL!,#NULL!,NA,NA,1,NA,NA,NA,NA,NA,NA,NA,NA,NA,NA,NA,NA,NA,NA,NA,NA,NA,NA,1,NA,1,5,37,NA,1,1,1,1,2,4,2,1,4,3,1,3,1,NA,NA,0,0,0,1,0,1,1,0,1,0,0,1,0,1,0,1,0.55,3.5,3.75,3.75,5,4.5,6,5.5,2,2.333333333
115A,4,4,3,3,3,3,3,1,3,3,3,3,4,2,4,4,4,3,1,0,4,1,#NULL!,#NULL!,#NULL!,1,0,1,1,1,1,1,0,1,NA,115,0,7,7,1,7,2,6,5,1,6,1,0,3,3,3,3,2,3,3,6,2003,1,#NULL!,#NULL!,#NULL!,#NULL!,#NULL!,#NULL!,NA,NA,NA,NA,NA,NA,NA,NA,NA,NA,NA,NA,NA,NA,1,1,NA,NA,NA,NA,NA,1,NA,0,1,37,NA,1,1,1,1,2,1,1,3,3,1,2,3,0,NA,NA,1,0,0,0,0,1,1,0,1,0,1,0,0,0,1,0,0.45,4,3.75,3,7,7,7,6,3,2.666666667
115C,3,4,3,4,3,3,4,2,4,3,3,3,3,3,3,3,3,3,3,0,4,3,1,0,5,1,0,1,#NULL!,#NULL!,#NULL!,1,0,1,NA,115,0,6,6,2,6,3,7,6,1,6,1,3,3,3,3,4,3,3,1,6,2003,1,#NULL!,#NULL!,#NULL!,#NULL!,#NULL!,#NULL!,NA,NA,NA,NA,NA,NA,NA,NA,NA,NA,NA,NA,NA,NA,1,NA,NA,NA,NA,NA,NA,1,NA,0,1,37,NA,1,1,1,3,2,4,3,1,1,3,3,3,0,NA,NA,1,0,0,0,0,1,1,1,1,0,0,1,0,1,0,0,0.55,3.5,3,3,6,6,7,6.5,3,3.333333333
115B,2,3,2,3,4,4,3,1,4,3,3,2,4,3,3,2,5,2,5,0,4,2,1,0,5,#NULL!,#NULL!,#NULL!,1,0,1,1,0,1,NA,115,0,5,5,2,6,2,7,7,1,7,1,2,5,5,4,5,5,5,3,6,2003,1,#NULL!,#NULL!,#NULL!,#NULL!,#NULL!,#NULL!,NA,NA,NA,NA,NA,NA,NA,NA,NA,NA,NA,NA,NA,NA,1,NA,NA,NA,NA,NA,NA,1,NA,0,4,37,NA,1,1,1,3,2,3,1,1,2,3,2,4,0,NA,NA,1,0,0,0,0,1,1,1,1,1,1,1,1,1,1,0,0.91,2.5,3,3,6,5.5,7,7,5,4.666666667
116D,1,3,2,4,4,2,3,2,4,3,3,2,5,4,3,2,5,4,2,0,3,4,1,0,5,1,0,1,1,0,1,#NULL!,#NULL!,#NULL!,NA,116,1,6,6,2,6,2,7,7,1,7,1,1,5,5,4,4,4,5,4,6,2003,1,#NULL!,#NULL!,#NULL!,#NULL!,#NULL!,#NULL!,NA,NA,NA,NA,NA,NA,NA,NA,NA,NA,NA,NA,NA,NA,1,NA,NA,NA,NA,NA,NA,1,NA,0,3,37,NA,1,1,3,2,2,3,3,1,4,3,3,4,0,NA,NA,1,0,0,0,0,1,0,0,1,1,0,1,0,1,0,0,0.45,2,3.5,3.5,6,6,7,7,5,4
116B,2,3,2,3,3,2,3,1,3,2,2,3,4,3,3,3,5,4,2,0,3,2,1,0,5,#NULL!,#NULL!,#NULL!,1,0,1,#NULL!,#NULL!,#NULL!,NA,116,1,5,4,5,4,4,7,6,2,6,1,0,5,5,5,5,5,5,4,5,2003,1,#NULL!,#NULL!,#NULL!,#NULL!,#NULL!,#NULL!,NA,NA,NA,NA,NA,NA,NA,NA,NA,NA,NA,NA,NA,NA,1,NA,NA,NA,NA,NA,NA,1,NA,0,6,37,NA,1,1,2,3,2,3,3,1,2,1,1,4,0,NA,NA,1,0,0,0,0,1,0,1,1,1,0,1,1,0,0,1,0.64,2.5,3.75,3,3,4,6,6.25,5,5
116C,2,2,2,3,3,2,2,2,3,3,3,3,4,3,3,2,4,3,4,0,3,3,1,0,5,1,0,1,#NULL!,#NULL!,#NULL!,#NULL!,#NULL!,#NULL!,N/a,116,1,6,6,2,7,2,5,5,2,6,2,2,3,3,3,4,4,4,3,6,2003,#NULL!,1,#NULL!,#NULL!,#NULL!,#NULL!,#NULL!,NA,NA,NA,NA,NA,NA,NA,NA,NA,NA,NA,NA,NA,NA,NA,NA,1,NA,NA,NA,NA,1,NA,0,2,37,NA,1,1,3,1,3,1,1,1,2,3,1,4,1,NA,NA,1,0,0,0,0,1,0,0,0,0,1,1,1,1,0,1,0.55,2,3,3.25,6,6.25,6,5.5,3,3.666666667
117D,4,4,3,4,4,3,3,3,3,3,3,3,4,3,3,3,4,3,3,0,4,4,1,0,5,2,1,2,1,0,1,#NULL!,#NULL!,#NULL!,N/A,117,0,6,6,2,6,3,6,6,2,7,1,1,5,4,5,5,5,5,4,5,2001,#NULL!,1,#NULL!,#NULL!,#NULL!,#NULL!,#NULL!,NA,NA,NA,NA,NA,NA,NA,NA,NA,NA,NA,NA,NA,NA,1,NA,NA,NA,NA,NA,NA,2,NA,0,6,37,N/A,1,1,2,1,1,3,1,3,2,3,2,2,1,NA,NA,1,0,0,0,0,1,0,0,0,1,1,0,1,1,1,0,0.55,4,3.25,3.25,6,6,6,6.25,4.5,5
117C,3,5,3,4,4,4,4,3,4,3,4,3,3,4,3,2,3,3,2,0,4,3,1,0,5,1,0,1,#NULL!,#NULL!,#NULL!,1,0,1,NA,117,0,4,3,5,3,3,6,5,4,6,1,3,4,3,5,5,5,4,1,5,2002,1,#NULL!,#NULL!,#NULL!,#NULL!,#NULL!,#NULL!,NA,NA,NA,NA,NA,NA,NA,NA,NA,NA,NA,NA,NA,NA,1,NA,NA,NA,NA,NA,NA,2,NA,0,1,37,NA,1,1,1,1,2,3,3,1,2,3,2,1,0,NA,NA,1,0,0,0,0,1,1,0,1,1,0,1,1,1,1,0,0.73,4,2.75,3.5,3,3.25,4,5.25,3.5,5
117B,2,3,1,5,4,4,4,1,4,3,3,2,4,3,3,2,4,3,4,0,4,2,1,0,5,#NULL!,#NULL!,#NULL!,1,0,1,1,1,2,NA,117,0,5,5,2,5,2,7,7,1,3,1,0,3,3,3,4,3,2,1,6,2002,1,#NULL!,#NULL!,#NULL!,#NULL!,#NULL!,#NULL!,NA,NA,NA,NA,NA,NA,NA,NA,NA,NA,NA,NA,NA,NA,1,NA,NA,NA,NA,NA,NA,2,NA,0,1,36,NA,1,1,2,3,2,4,1,3,2,3,3,3,0,NA,NA,1,0,0,0,0,1,0,1,1,0,1,0,1,1,0,0,0.55,2.5,3,3,6,5.25,7,6,3,3.333333333
117A,2,3,3,3,3,3,3,2,3,3,3,3,4,3,2,2,5,2,3,0,4,1,#NULL!,#NULL!,#NULL!,1,0,1,1,0,1,1,0,1,N/A,117,0,6,6,2,6,2,6,6,2,6,1,0,4,4,4,4,4,5,3,6,2002,1,#NULL!,#NULL!,#NULL!,#NULL!,#NULL!,#NULL!,NA,NA,NA,NA,NA,NA,NA,NA,NA,NA,NA,NA,NA,NA,1,NA,NA,NA,NA,NA,NA,1,NA,0,5,37,N/A,1,4,3,1,2,4,1,1,2,3,2,2,0,NA,NA,1,0,0,0,0,0,0,0,1,0,1,1,1,1,1,0,0.55,2.5,2.75,3.25,6,6,6,6,4,4
118A,3,4,1,5,5,5,4,3,5,4,5,5,4,4,4,4,5,4,6,1,4,1,#NULL!,#NULL!,#NULL!,1,0,1,5,1,4,1,0,1,NA,118,0,6,6,2,6,2,7,7,1,6,1,4,3,3,3,3,3,3,1,6,2003,1,#NULL!,#NULL!,#NULL!,#NULL!,#NULL!,#NULL!,NA,NA,NA,NA,NA,NA,NA,NA,NA,NA,NA,NA,NA,NA,1,NA,NA,NA,NA,NA,NA,1,NA,0,2,37,NA,1,1,1,1,2,4,1,1,2,3,2,3,0,NA,NA,1,0,0,0,0,1,1,0,1,0,1,1,1,1,1,0,0.73,3.5,4.25,4.5,6,6,7,6.75,3,3
118C,5,5,3,4,4,3,3,4,4,3,3,3,4,4,4,4,5,4,5,1,4,3,5,1,1,1,0,1,#NULL!,#NULL!,#NULL!,1,0,1,NA,118,0,7,7,1,6,2,4,5,3,2,3,0,2,2,3,2,3,3,1,5,2002,1,#NULL!,#NULL!,#NULL!,#NULL!,#NULL!,#NULL!,NA,NA,NA,NA,NA,NA,NA,NA,NA,1,NA,NA,NA,NA,1,NA,NA,NA,NA,NA,NA,1,NA,0,3,36,NA,1,1,2,3,2,1,3,1,2,3,2,4,0,NA,NA,1,0,1,0,0,1,0,1,1,0,0,1,1,1,1,0,0.64,5,4.25,3.5,7,6.75,5,4,2,2.666666667
118D,3,4,2,4,4,3,3,3,3,3,4,3,4,4,4,4,4,3,3,0,4,4,1,0,5,1,0,1,1,0,1,#NULL!,#NULL!,#NULL!,NA,118,0,7,7,2,6,2,6,4,2,5,2,3,3,3,3,3,3,2,3,6,2000,#NULL!,1,#NULL!,#NULL!,#NULL!,#NULL!,#NULL!,NA,NA,NA,NA,NA,NA,NA,NA,NA,NA,NA,NA,NA,NA,1,NA,NA,NA,NA,NA,NA,3,NA,0,1,37,NA,1,1,2,1,4,3,1,4,2,1,2,4,1,NA,NA,1,0,0,0,0,1,0,0,0,1,1,0,1,0,1,0,0.45,3.5,3.75,3.75,6,6.5,6,5.25,3,3
118B,4,3,3,4,4,4,4,2,3,3,3,3,4,3,2,2,5,3,3,0,4,2,1,0,5,#NULL!,#NULL!,#NULL!,1,0,1,1,0,1,NA,118,0,7,7,1,7,1,6,7,1,7,1,4,2,2,2,2,2,2,1,6,2002,1,#NULL!,#NULL!,#NULL!,#NULL!,#NULL!,#NULL!,NA,NA,NA,NA,NA,NA,NA,NA,NA,NA,NA,NA,NA,NA,1,NA,NA,NA,NA,NA,NA,2,NA,0,1,37,NA,1,1,1,3,2,3,4,1,2,3,2,3,0,NA,NA,1,0,0,0,0,1,1,1,1,1,0,1,1,1,1,0,0.82,3.5,3,3.25,7,7,7,6.75,2,2
119B,2,3,2,4,4,3,3,3,3,3,2,3,4,3,3,3,5,3,3,0,3,2,1,0,5,#NULL!,#NULL!,#NULL!,1,0,1,#NULL!,#NULL!,#NULL!,NA,119,1,6,6,2,5,2,7,6,2,5,2,0,5,4,4,4,4,5,3,6,2003,1,#NULL!,#NULL!,#NULL!,#NULL!,#NULL!,#NULL!,NA,NA,NA,NA,NA,NA,NA,NA,NA,NA,NA,NA,NA,NA,1,NA,NA,NA,NA,NA,NA,1,NA,0,3,36,NA,1,2,2,2,2,3,1,1,4,3,1,1,0,NA,NA,1,0,0,0,0,0,0,0,1,1,1,1,0,1,0,1,0.55,2.5,3.5,3,6,5.75,6,6,4.5,4
119A,2,3,1,5,4,4,4,4,4,4,4,3,4,3,4,4,5,4,6,0,3,1,#NULL!,#NULL!,#NULL!,1,0,1,1,0,1,#NULL!,#NULL!,#NULL!,NA,119,1,7,7,1,7,1,7,7,1,7,1,1,5,4,5,5,5,5,3,6,2002,1,#NULL!,#NULL!,#NULL!,#NULL!,#NULL!,#NULL!,NA,NA,NA,NA,NA,NA,NA,1,NA,NA,NA,NA,NA,NA,NA,NA,1,NA,NA,NA,NA,2,NA,0,1,34,NA,1,1,1,1,3,3,1,1,2,3,2,4,0,NA,NA,1,0,1,0,0,1,1,0,0,1,1,1,1,1,1,0,0.73,2.5,4.25,3.5,7,7,7,7,4.5,5
119C,2,2,4,3,3,1,2,1,4,3,3,3,4,4,3,2,4,3,3,0,3,3,1,0,5,1,0,1,#NULL!,#NULL!,#NULL!,#NULL!,#NULL!,#NULL!,NA,119,1,6,6,2,6,3,7,7,1,6,1,1,5,4,5,5,5,5,2,6,2003,1,#NULL!,#NULL!,#NULL!,#NULL!,#NULL!,#NULL!,NA,NA,NA,NA,NA,NA,NA,NA,NA,NA,NA,NA,NA,NA,1,NA,NA,NA,NA,NA,NA,1,NA,0,5,37,NA,1,1,2,3,2,1,1,2,3,1,2,1,0,NA,NA,1,0,0,0,0,1,0,1,1,0,1,0,0,0,1,0,0.45,2,3,3.5,6,6,7,6.75,4.5,5
120A,1,3,1,3,3,3,3,3,4,3,3,3,4,3,3,3,4,3,3,1,4,1,#NULL!,#NULL!,#NULL!,2,1,1,2,1,1,2,1,2,NA,120,1,6,6,2,6,3,6,6,2,6,1,1,4,4,3,3,2,5,3,6,2003,1,#NULL!,#NULL!,#NULL!,#NULL!,#NULL!,#NULL!,NA,NA,NA,NA,1,NA,NA,NA,NA,NA,NA,NA,NA,NA,NA,NA,NA,NA,NA,NA,NA,1,NA,1,2,37,NA,1,1,2,1,3,1,3,3,2,3,3,3,0,NA,NA,0,0,0,1,0,1,0,0,0,0,0,0,1,1,0,0,0.27,2,3.25,3.25,6,6,6,6,4,2.666666667
120C,2,4,1,5,5,3,3,3,4,4,4,2,4,3,3,3,4,3,6,0,4,3,1,0,5,1,0,1,#NULL!,#NULL!,#NULL!,1,0,1,N/A,120,1,7,7,1,7,1,7,7,1,7,1,0,4,4,5,5,4,5,4,5,2003,1,#NULL!,#NULL!,#NULL!,#NULL!,#NULL!,#NULL!,NA,NA,NA,NA,NA,NA,NA,NA,NA,NA,NA,NA,NA,NA,1,NA,NA,NA,NA,NA,NA,1,NA,0,3,36,N/A,1,1,1,1,2,4,4,3,2,3,2,3,0,NA,NA,1,0,0,0,0,1,1,0,1,0,0,0,1,1,1,0,0.55,3,3.25,3.25,7,7,7,7,4,4.666666667
120B,2,2,2,3,3,3,3,2,3,3,3,3,4,2,3,3,4,2,3,0,4,2,2,1,4,#NULL!,#NULL!,#NULL!,1,1,1,1,0,1,NA,120,1,5,5,3,6,4,7,7,1,6,1,2,4,4,4,3,3,4,3,6,2003,1,#NULL!,#NULL!,#NULL!,#NULL!,#NULL!,#NULL!,NA,NA,NA,NA,1,NA,NA,NA,NA,NA,NA,NA,NA,NA,NA,NA,NA,NA,NA,NA,NA,1,NA,0,5,37,NA,1,1,1,1,2,3,1,3,2,3,2,3,0,NA,NA,0,0,0,1,0,1,1,0,1,1,1,0,1,1,1,0,0.73,2,3,3,5,5.25,7,6.75,4,3.333333333
120D,2,4,2,4,4,3,3,2,5,4,4,3,4,3,4,3,5,4,4,0,4,4,1,1,4,1,0,1,1,0,1,#NULL!,#NULL!,#NULL!,NA,120,1,4,4,5,4,3,6,6,2,7,1,0,4,4,5,4,4,4,1,6,2002,1,#NULL!,#NULL!,#NULL!,#NULL!,#NULL!,#NULL!,NA,NA,NA,NA,NA,NA,NA,NA,NA,NA,1,NA,NA,NA,NA,NA,NA,NA,NA,NA,NA,1,NA,0,3,34,NA,1,1,2,3,2,3,1,1,2,3,1,3,0,NA,NA,0,1,0,0,0,1,0,1,1,1,1,1,1,1,0,1,0.82,3,4,3.5,3,3.75,6,6.25,4,4.333333333
121C,2,3,3,3,3,3,3,2,3,3,3,3,3,3,3,3,3,3,2,1,4,3,2,1,3,1,0,1,#NULL!,#NULL!,#NULL!,2,1,2,NA,121,0,5,5,3,5,2,6,6,3,6,1,2,4,4,4,4,4,5,1,6,2003,1,#NULL!,#NULL!,#NULL!,#NULL!,#NULL!,#NULL!,NA,NA,1,NA,NA,NA,NA,NA,NA,NA,NA,NA,NA,NA,NA,NA,NA,NA,NA,NA,NA,1,NA,1,3,#NULL!,NA,1,1,1,1,2,3,1,1,2,3,2,1,0,NA,NA,0,0,0,1,0,1,1,0,1,1,1,1,1,1,1,0,0.82,2.5,3,3,5,5,5,5.75,4,4
121B,2,4,4,2,3,3,3,2,3,2,3,2,2,3,4,4,4,3,2,0,4,2,1,0,5,#NULL!,#NULL!,#NULL!,1,0,1,1,0,1,No technical difficulties! This was fun and these questions were super interesting!,121,0,5,6,2,6,2,7,7,2,7,2,0,5,4,4,5,5,5,1,6,2002,1,#NULL!,#NULL!,#NULL!,#NULL!,#NULL!,#NULL!,NA,NA,NA,NA,NA,NA,NA,NA,NA,NA,NA,NA,NA,NA,1,NA,NA,NA,NA,NA,NA,1,NA,0,5,36,N/A,1,1,1,1,2,1,3,1,2,3,3,3,0,NA,NA,1,0,0,0,0,1,1,0,1,0,0,1,1,1,0,0,0.55,3,3.75,2.5,6,5.75,6,6.75,4.5,4.666666667
121A,4,3,1,4,5,3,4,3,5,3,4,4,5,5,5,4,5,4,3,2,4,1,#NULL!,#NULL!,#NULL!,1,0,1,4,1,4,4,1,4,/,121,0,6,7,1,7,1,6,7,1,7,1,4,4,4,5,5,4,5,4,6,2003,#NULL!,1,#NULL!,#NULL!,#NULL!,#NULL!,#NULL!,NA,NA,1,NA,NA,NA,NA,NA,NA,NA,NA,NA,NA,NA,NA,NA,NA,NA,NA,NA,NA,1,NA,1,5,37,/,1,1,2,3,1,3,1,1,2,3,2,3,1,NA,NA,0,0,0,1,0,1,0,1,0,1,1,1,1,1,1,0,0.73,3.5,4.5,4.5,7,6.75,7,6.75,4,4.666666667
121D,2,2,1,4,4,3,4,4,4,3,3,3,5,3,3,3,5,2,4,2,4,4,3,1,1,1,0,1,1,0,2,#NULL!,#NULL!,#NULL!,NA,121,0,6,5,1,6,2,5,5,1,7,1,3,3,3,2,3,5,4,3,6,2003,#NULL!,1,#NULL!,#NULL!,#NULL!,#NULL!,#NULL!,NA,NA,1,NA,NA,NA,NA,NA,NA,NA,NA,NA,NA,NA,NA,NA,NA,NA,NA,NA,NA,1,NA,1,5,36,NA,1,1,1,3,2,3,1,1,2,3,2,3,1,NA,NA,0,0,0,1,0,1,1,1,1,1,1,1,1,1,1,0,0.91,2,3.25,3.5,7,6,7,6,3,3.333333333
122C,2,3,1,4,4,3,4,2,5,3,3,3,4,4,4,3,4,4,4,1,4,3,3,1,3,3,1,3,#NULL!,#NULL!,#NULL!,1,0,1,NA,122,1,6,6,4,6,4,7,5,4,6,2,0,5,4,4,4,4,5,3,6,2003,1,#NULL!,#NULL!,#NULL!,#NULL!,#NULL!,#NULL!,NA,NA,NA,NA,NA,NA,NA,NA,NA,NA,NA,NA,NA,NA,1,NA,NA,NA,NA,NA,NA,1,NA,0,4,35,NA,1,1,1,1,2,4,1,1,2,3,2,3,0,NA,NA,1,0,0,0,0,1,1,0,1,0,1,1,1,1,1,0,0.73,2.5,3.75,3.5,4,5.5,4,5.5,4.5,4
122A,2,4,2,2,3,3,3,2,4,3,4,4,3,4,3,3,4,3,5,0,4,1,#NULL!,#NULL!,#NULL!,1,1,1,1,0,1,1,1,1,NA,122,1,7,6,1,6,1,6,6,1,6,1,3,4,3,5,5,4,3,1,6,2003,1,#NULL!,#NULL!,#NULL!,#NULL!,#NULL!,#NULL!,NA,NA,NA,NA,NA,NA,NA,NA,NA,NA,NA,NA,NA,NA,1,NA,NA,NA,NA,NA,NA,1,NA,0,3,36,NA,1,2,1,1,2,3,1,1,2,3,2,4,0,NA,NA,1,0,0,0,0,0,1,0,1,1,1,1,1,1,1,0,0.73,3,3.25,3.75,7,6.5,7,6.25,3.5,4.666666667
122D,3,2,1,5,4,3,4,3,5,5,3,3,5,3,3,2,5,2,3,2,4,4,3,1,4,3,1,2,2,0,1,#NULL!,#NULL!,#NULL!,NA,122,1,7,7,1,7,1,7,7,1,7,1,4,5,4,5,5,5,5,5,6,2003,1,#NULL!,#NULL!,#NULL!,#NULL!,#NULL!,#NULL!,NA,NA,NA,NA,NA,NA,NA,NA,NA,NA,NA,NA,NA,NA,1,NA,NA,NA,NA,NA,NA,1,NA,0,5,36,NA,1,1,1,3,1,4,1,1,2,3,1,3,0,NA,NA,1,0,0,0,0,1,1,1,0,0,1,1,1,1,0,1,0.73,2.5,3,3.5,7,7,7,7,4.5,5
122B,2,3,2,3,3,2,3,2,4,3,3,2,3,3,2,2,4,3,3,1,4,2,1,0,5,#NULL!,#NULL!,#NULL!,1,0,1,1,1,2,N/A,122,1,6,7,1,7,1,6,6,1,6,1,1,5,4,5,5,5,5,2,6,2002,1,#NULL!,#NULL!,#NULL!,#NULL!,#NULL!,#NULL!,NA,NA,NA,NA,NA,NA,NA,NA,NA,NA,NA,NA,NA,NA,1,NA,NA,NA,NA,NA,NA,1,NA,0,5,37,N/A,1,1,2,1,2,4,1,1,2,3,2,3,0,NA,NA,1,0,0,0,0,1,0,0,1,0,1,1,1,1,1,0,0.64,2.5,2.75,2.75,7,6.75,7,6.25,4.5,5
123C,2,3,2,3,3,3,3,3,4,4,3,3,4,3,3,2,4,3,5,2,4,3,3,1,4,3,1,3,#NULL!,#NULL!,#NULL!,1,0,1,N/A,123,1,7,7,1,7,1,7,7,1,7,1,1,3,3,4,4,4,3,3,6,2002,#NULL!,1,#NULL!,#NULL!,#NULL!,#NULL!,#NULL!,NA,NA,NA,NA,NA,NA,NA,NA,NA,NA,NA,NA,NA,NA,1,NA,NA,NA,NA,NA,NA,1,NA,0,1,37,N/A,1,1,1,1,2,2,1,4,1,3,2,1,1,NA,NA,1,0,0,0,0,1,1,0,1,0,1,0,0,1,1,0,0.55,2.5,3,3.25,7,7,7,7,3,4
123B,1,1,3,3,3,3,2,2,3,3,3,2,3,3,3,1,4,3,3,1,4,2,1,0,5,#NULL!,#NULL!,#NULL!,3,1,3,1,0,1,NA,123,1,7,6,2,6,1,6,6,2,5,1,1,3,3,4,5,5,3,3,6,#NULL!,#NULL!,1,#NULL!,#NULL!,#NULL!,#NULL!,#NULL!,NA,NA,NA,NA,NA,NA,NA,NA,NA,NA,NA,NA,NA,NA,1,NA,NA,NA,NA,NA,NA,1,NA,0,4,#NULL!,NA,1,1,1,2,1,1,1,4,1,2,1,3,1,NA,NA,1,0,0,0,0,1,1,0,0,0,1,0,0,0,0,1,0.36,1,2.75,2.75,6,6.25,6,5.75,3,4.666666667
123A,2,3,2,3,4,3,3,3,3,3,3,3,5,4,1,2,4,2,2,1,4,1,#NULL!,#NULL!,#NULL!,1,0,1,2,1,3,1,0,1,NA,123,1,6,6,2,5,2,6,5,2,5,2,0,3,2,3,3,3,3,4,6,2002,1,#NULL!,#NULL!,#NULL!,#NULL!,#NULL!,#NULL!,NA,NA,NA,NA,NA,NA,NA,NA,NA,NA,NA,NA,NA,NA,1,NA,NA,NA,NA,NA,NA,1,NA,0,3,37,NA,1,1,1,1,2,4,2,3,1,3,1,3,0,NA,NA,1,0,0,0,0,1,1,0,1,0,0,0,0,1,0,1,0.45,2.5,2.25,3.75,6,5.75,6,5.5,2.5,3
123D,2,2,3,3,4,2,2,2,3,3,3,3,3,3,3,3,4,3,2,0,4,4,1,0,5,1,0,1,1,0,1,#NULL!,#NULL!,#NULL!,NA,123,1,7,7,2,6,2,6,5,5,7,2,0,4,4,4,4,2,4,3,6,2002,1,#NULL!,#NULL!,#NULL!,#NULL!,#NULL!,#NULL!,NA,NA,NA,NA,NA,NA,NA,NA,NA,NA,NA,NA,NA,NA,1,NA,NA,NA,NA,NA,NA,1,NA,1,1,37,NA,1,4,1,3,2,2,1,1,2,3,1,3,0,NA,NA,1,0,0,0,0,0,1,1,1,0,1,1,1,1,0,1,0.73,2,3.25,3,6,6.5,3,5.25,4,3.333333333
124C,4,4,2,4,4,3,3,3,4,4,4,4,4,4,4,4,4,4,5,0,3,3,1,0,5,1,0,1,#NULL!,#NULL!,#NULL!,#NULL!,#NULL!,#NULL!,NA,124,0,6,6,2,6,2,6,6,2,6,1,0,4,3,4,4,3,4,3,6,2002,#NULL!,1,#NULL!,#NULL!,#NULL!,#NULL!,#NULL!,NA,NA,1,NA,NA,NA,NA,NA,NA,NA,NA,NA,NA,NA,1,NA,NA,NA,NA,NA,NA,2,NA,0,3,36,NA,1,1,3,3,2,4,1,1,2,3,3,3,1,NA,NA,1,0,0,1,0,1,0,1,1,0,1,1,1,1,0,0,0.64,4,4,4,6,6,6,6,3.5,3.666666667
124A,2,4,2,4,4,3,4,3,4,4,5,5,4,4,5,5,5,4,5,2,3,1,#NULL!,#NULL!,#NULL!,3,1,3,1,0,1,#NULL!,#NULL!,#NULL!,NA,124,0,6,5,3,6,2,5,4,4,3,3,0,3,1,2,2,2,3,3,5,2002,#NULL!,1,#NULL!,#NULL!,#NULL!,#NULL!,#NULL!,NA,NA,NA,NA,NA,NA,NA,NA,NA,NA,NA,NA,NA,NA,NA,NA,1,NA,NA,NA,NA,1,NA,0,1,34,NA,1,1,2,3,4,1,1,4,2,4,2,1,1,NA,NA,1,0,0,0,0,1,0,1,0,0,1,0,1,0,1,0,0.45,3,4.75,4.5,5,5.5,4,4,2,2
124B,3,3,1,3,3,3,3,3,3,3,3,3,4,2,2,3,4,3,4,1,3,2,2,1,3,#NULL!,#NULL!,#NULL!,1,0,1,#NULL!,#NULL!,#NULL!,NA,124,0,6,6,2,6,2,6,6,2,6,1,0,3,2,2,3,2,3,4,6,2003,#NULL!,1,#NULL!,#NULL!,#NULL!,#NULL!,#NULL!,NA,NA,NA,NA,NA,NA,NA,NA,NA,NA,NA,NA,NA,NA,1,NA,NA,NA,NA,NA,NA,1,NA,0,2,37,NA,1,1,3,3,2,3,1,4,2,1,3,3,1,NA,NA,1,0,0,0,0,1,0,1,1,1,1,0,1,0,0,0,0.55,3,3,3,6,6,6,6,2.5,2.333333333
125B,2,3,2,4,4,3,4,2,5,3,3,3,4,3,3,3,4,4,3,0,4,2,1,0,5,#NULL!,#NULL!,#NULL!,1,0,1,1,1,2,NA,125,0,5,4,3,5,4,6,6,2,7,1,1,4,3,4,4,5,4,1,6,2003,1,#NULL!,#NULL!,#NULL!,#NULL!,#NULL!,#NULL!,NA,NA,NA,NA,NA,NA,NA,NA,NA,NA,NA,NA,NA,NA,1,NA,NA,NA,NA,NA,NA,1,NA,0,3,36,NA,1,1,3,1,2,4,1,4,4,3,2,3,0,NA,NA,1,0,0,0,0,1,0,0,1,0,1,0,0,1,1,0,0.45,2.5,3.5,3.25,5,4.75,6,6.25,3.5,4.333333333
125D,2,2,2,4,4,3,3,2,3,3,3,3,3,3,2,3,4,3,3,0,4,4,1,0,5,1,0,1,1,0,1,#NULL!,#NULL!,#NULL!,NA,125,0,7,7,1,6,2,7,7,1,7,1,1,5,3,3,5,5,3,1,6,2002,1,#NULL!,#NULL!,#NULL!,#NULL!,#NULL!,#NULL!,NA,NA,NA,NA,NA,NA,NA,NA,NA,NA,NA,NA,NA,NA,1,NA,NA,NA,NA,NA,NA,1,NA,0,6,37,NA,1,1,2,3,2,2,1,1,2,3,1,3,0,NA,NA,1,0,0,0,0,1,0,1,1,0,1,1,1,1,0,1,0.73,2,3,3,7,6.75,7,7,4,4.333333333
125C,3,3,2,3,3,3,3,3,4,3,3,3,3,4,2,2,3,3,3,0,4,3,1,0,5,1,0,1,#NULL!,#NULL!,#NULL!,2,0,1,no difficulties,125,0,7,7,1,7,1,6,6,6,6,1,4,2,2,4,3,3,2,4,5,2001,#NULL!,1,#NULL!,#NULL!,#NULL!,#NULL!,#NULL!,NA,NA,NA,NA,NA,NA,NA,NA,NA,NA,NA,NA,NA,NA,NA,NA,1,NA,NA,NA,NA,2,NA,0,2,37,the questions should be more personal to force people to share deep things about themselves.,1,4,3,3,3,2,4,1,3,1,4,3,1,NA,NA,1,0,0,0,0,0,0,1,0,0,0,1,0,0,0,0,0.18,3,2.5,3.25,7,7,2,5,2,3.333333333
125A,3,4,3,4,4,3,4,3,4,4,4,3,4,4,3,3,5,4,4,0,4,1,#NULL!,#NULL!,#NULL!,1,0,1,1,0,1,1,0,1,NA,125,0,6,6,2,6,2,4,4,4,5,3,0,3,3,4,4,3,3,1,6,2000,#NULL!,1,#NULL!,#NULL!,#NULL!,#NULL!,#NULL!,NA,NA,NA,NA,1,NA,NA,NA,NA,NA,NA,NA,NA,NA,NA,NA,NA,NA,NA,NA,NA,3,NA,0,1,37,NA,1,1,1,3,2,1,2,1,2,3,2,3,1,NA,NA,0,0,0,1,0,1,1,1,1,0,0,1,1,1,1,0,0.73,3.5,3.75,3.75,6,6,4,4.25,3,3.666666667
126B,1,3,3,3,4,3,4,2,4,3,3,2,3,4,3,3,5,4,4,2,4,2,1,1,5,#NULL!,#NULL!,#NULL!,2,1,1,1,0,1,NA,126,1,7,6,2,6,2,6,6,2,6,1,3,4,3,4,5,5,3,1,6,2002,1,#NULL!,#NULL!,#NULL!,#NULL!,#NULL!,#NULL!,NA,NA,NA,NA,NA,NA,NA,NA,NA,NA,NA,NA,NA,NA,1,NA,NA,NA,NA,NA,NA,1,NA,0,5,37,NA,1,1,2,1,2,3,1,1,2,3,2,3,0,NA,NA,1,0,0,0,0,1,0,0,1,1,1,1,1,1,1,0,0.73,2,3.75,3,6,6.25,6,6,3.5,4.666666667
126D,2,3,2,5,4,4,3,2,4,3,3,3,4,5,3,4,5,3,5,1,4,4,3,1,5,2,0,1,2,0,1,#NULL!,#NULL!,#NULL!,NA,126,1,6,6,1,6,1,6,5,2,6,2,2,4,3,4,4,4,4,2,6,2003,1,#NULL!,#NULL!,#NULL!,#NULL!,#NULL!,#NULL!,NA,NA,1,NA,NA,NA,NA,NA,NA,NA,NA,NA,NA,NA,NA,NA,NA,NA,NA,NA,NA,1,NA,1,3,37,NA,1,1,2,1,4,2,1,3,1,3,2,3,0,NA,NA,0,0,0,1,0,1,0,0,0,0,1,0,0,1,1,0,0.36,2.5,3.75,3.75,7,6.25,6,5.75,3.5,4
126A,1,2,1,2,3,2,2,2,3,3,3,2,3,3,3,2,4,3,3,1,4,1,#NULL!,#NULL!,#NULL!,1,1,1,1,0,1,1,0,1,NA,126,1,6,6,3,6,3,7,7,1,7,1,1,5,5,4,4,5,5,1,6,2002,#NULL!,1,#NULL!,#NULL!,#NULL!,#NULL!,#NULL!,NA,NA,NA,NA,NA,NA,NA,NA,NA,NA,NA,NA,NA,NA,1,NA,NA,NA,NA,NA,NA,1,NA,0,5,37,NA,1,1,1,3,2,4,1,1,2,3,2,3,1,NA,NA,1,0,0,0,0,1,1,1,1,0,1,1,1,1,1,0,0.82,1.5,3,2.75,5,5.75,7,7,5,4.333333333
126C,4,3,2,4,4,2,3,2,4,3,4,3,4,3,3,2,3,2,3,0,4,3,1,0,5,1,0,1,#NULL!,#NULL!,#NULL!,1,0,1,NA,126,1,4,2,6,3,4,6,5,4,6,1,0,3,2,4,5,5,3,2,6,2001,#NULL!,1,#NULL!,#NULL!,#NULL!,#NULL!,#NULL!,NA,NA,NA,NA,NA,NA,1,NA,NA,NA,NA,NA,NA,NA,NA,NA,NA,NA,NA,NA,NA,2,NA,0,1,34,NA,1,4,2,1,2,3,1,4,2,2,2,3,1,NA,NA,0,0,1,0,0,0,0,0,1,1,1,0,1,0,1,0,0.45,3.5,2.5,3.5,2,2.75,4,5.25,2.5,4.666666667
127C,2,3,3,3,3,1,2,1,3,3,4,3,4,3,3,3,5,3,2,0,4,3,1,0,5,1,0,1,#NULL!,#NULL!,#NULL!,1,1,1,n/a,127,1,7,6,2,6,3,5,4,5,5,3,0,4,3,3,3,3,4,3,6,2001,#NULL!,1,#NULL!,#NULL!,#NULL!,#NULL!,#NULL!,NA,NA,NA,NA,NA,NA,NA,NA,NA,NA,NA,NA,NA,NA,1,NA,NA,NA,NA,NA,NA,3,NA,0,1,36,n/a,1,1,1,3,2,4,1,1,2,3,2,1,1,NA,NA,1,0,0,0,0,1,1,1,1,0,1,1,1,1,1,0,0.82,2.5,3.5,3.5,6,6.25,3,4.25,3.5,3
127B,1,2,4,2,3,1,2,2,3,2,2,3,4,4,4,4,5,4,2,1,4,2,1,0,5,#NULL!,#NULL!,#NULL!,1,0,1,2,1,1,NA,127,1,4,4,5,4,3,2,2,6,6,3,0,3,2,1,1,1,2,2,6,2002,#NULL!,1,#NULL!,#NULL!,#NULL!,#NULL!,#NULL!,NA,NA,NA,NA,NA,NA,NA,NA,NA,NA,NA,NA,NA,NA,1,NA,NA,NA,NA,NA,NA,1,NA,0,1,37,NA,1,1,3,1,3,2,1,4,2,3,2,3,1,NA,NA,1,0,0,0,0,1,0,0,0,0,1,0,1,1,1,0,0.45,1.5,4.25,3.25,3,3.75,2,3,2.5,1
127D,1,2,3,3,3,2,3,2,3,3,3,3,4,2,3,3,4,2,4,1,4,4,1,0,5,1,0,1,1,1,1,#NULL!,#NULL!,#NULL!,N/A,127,1,7,6,2,6,2,7,7,1,7,1,0,5,4,4,5,5,5,4,6,2003,1,#NULL!,#NULL!,#NULL!,#NULL!,#NULL!,#NULL!,NA,NA,NA,NA,NA,NA,NA,NA,NA,NA,1,NA,NA,NA,NA,NA,NA,NA,NA,NA,NA,1,NA,0,5,37,N/A.,1,1,2,3,2,2,1,3,2,3,3,3,0,NA,NA,0,1,0,0,0,1,0,1,1,0,1,0,1,1,0,0,0.55,1.5,3,3,6,6.25,7,7,4.5,4.666666667
127A,2,3,2,3,3,1,3,2,3,3,3,2,4,3,3,3,5,3,4,0,4,1,#NULL!,#NULL!,#NULL!,1,0,1,1,0,1,1,0,1,NA,127,1,6,6,2,5,1,6,5,5,6,3,0,4,4,4,3,3,4,3,6,2002,1,#NULL!,#NULL!,#NULL!,#NULL!,#NULL!,#NULL!,NA,NA,NA,NA,NA,NA,NA,NA,NA,NA,NA,NA,NA,NA,1,NA,NA,NA,NA,NA,NA,1,NA,0,2,37,NA,1,2,1,3,2,4,3,3,2,3,2,1,0,NA,NA,1,0,0,0,0,0,1,1,1,0,0,0,1,1,1,0,0.55,2.5,3.5,3,6,5.75,3,5,4,3.333333333
128B,3,4,2,4,4,3,3,2,3,3,3,3,4,3,3,3,3,3,3,0,4,2,1,0,5,#NULL!,#NULL!,#NULL!,1,0,1,1,0,1,I lost internet connection at one point but only for a few seconds,128,0,6,6,2,6,2,4,4,4,4,3,0,3,3,3,3,3,3,2,5,2003,1,#NULL!,#NULL!,#NULL!,#NULL!,#NULL!,#NULL!,NA,NA,NA,NA,NA,NA,NA,NA,NA,NA,NA,NA,NA,NA,1,NA,NA,NA,NA,NA,NA,1,NA,1,2,#NULL!,NA,1,1,2,1,3,1,1,1,2,2,2,4,0,NA,NA,1,0,0,0,0,1,0,0,0,0,1,1,1,0,1,0,0.45,3.5,3,3.25,6,6,4,4,3,3
128D,4,4,2,3,4,2,3,2,4,3,3,2,4,4,3,3,4,3,3,0,4,4,1,0,5,1,0,1,1,0,1,#NULL!,#NULL!,#NULL!,NA,128,0,7,7,2,6,2,6,5,3,6,2,1,4,3,3,4,4,4,2,6,2002,1,#NULL!,#NULL!,#NULL!,#NULL!,#NULL!,#NULL!,NA,NA,NA,NA,NA,NA,NA,NA,NA,NA,NA,NA,NA,NA,1,NA,NA,NA,NA,NA,NA,1,NA,0,2,37,NA,1,1,2,3,2,1,1,1,2,3,2,3,0,NA,NA,1,0,0,0,0,1,0,1,1,0,1,1,1,1,1,0,0.73,4,3.25,3.25,6,6.5,5,5.5,3.5,3.666666667
128A,2,3,2,4,3,3,3,2,4,3,3,2,3,3,3,3,4,2,2,0,4,1,#NULL!,#NULL!,#NULL!,1,0,1,1,0,1,1,0,1,NA,128,0,5,5,4,6,2,3,3,4,5,3,1,3,3,3,4,3,4,3,4,2002,1,#NULL!,#NULL!,#NULL!,#NULL!,#NULL!,#NULL!,NA,NA,NA,NA,NA,NA,NA,NA,NA,1,NA,NA,NA,NA,NA,NA,NA,NA,NA,NA,NA,2,NA,0,1,37,NA,1,1,2,3,4,3,1,3,2,4,2,2,0,NA,NA,0,0,1,0,0,1,0,1,0,1,1,0,1,0,1,0,0.55,2.5,3,2.75,4,5,4,3.75,3,3.333333333
128C,4,4,2,3,3,3,3,2,4,3,3,2,3,2,2,2,3,2,2,0,4,3,1,0,5,1,0,1,#NULL!,#NULL!,#NULL!,1,0,2,NA,128,0,7,7,1,7,1,7,7,2,7,1,4,4,4,3,4,3,4,1,6,2003,1,#NULL!,#NULL!,#NULL!,#NULL!,#NULL!,#NULL!,NA,NA,NA,NA,NA,NA,NA,NA,NA,NA,NA,NA,NA,NA,1,NA,NA,NA,NA,NA,NA,1,NA,0,4,37,NA,1,1,2,3,3,3,1,2,1,3,1,3,0,NA,NA,1,0,0,0,0,1,0,1,0,1,1,0,0,1,0,1,0.55,4,2.25,2.5,7,7,6,6.75,4,3.333333333
129A,1,3,2,4,4,4,4,3,4,3,3,2,4,3,3,2,4,3,4,0,4,1,#NULL!,#NULL!,#NULL!,1,0,1,1,0,1,1,0,1,NA,129,1,6,6,2,6,2,3,4,3,3,3,0,3,3,4,4,2,3,1,5,2002,1,#NULL!,#NULL!,#NULL!,#NULL!,#NULL!,#NULL!,NA,NA,NA,NA,NA,NA,NA,NA,NA,NA,NA,NA,NA,NA,1,NA,NA,NA,NA,NA,NA,2,NA,0,1,37,NA,1,1,2,1,2,4,3,3,2,3,1,1,0,NA,NA,1,0,0,0,0,1,0,0,1,0,0,0,1,1,0,1,0.45,2,3,3,6,6,5,3.75,3,3.333333333
129B,2,3,2,4,5,4,4,3,4,3,3,3,4,4,4,4,4,3,4,1,4,2,1,0,5,#NULL!,#NULL!,#NULL!,4,1,4,2,0,1,N/A,129,1,6,6,2,6,2,5,5,3,6,3,0,4,4,5,5,4,4,4,6,2001,#NULL!,1,#NULL!,#NULL!,#NULL!,#NULL!,#NULL!,NA,NA,NA,NA,NA,NA,NA,NA,NA,NA,NA,NA,NA,NA,1,NA,NA,NA,NA,NA,NA,3,NA,0,1,37,N/A,1,2,1,3,1,4,1,3,2,3,2,1,1,NA,NA,1,0,0,0,0,0,1,1,0,0,1,0,1,1,1,0,0.55,2.5,3.75,3.5,6,6,5,5.25,4,4.666666667
129C,2,2,2,4,4,3,4,3,4,4,3,2,4,3,3,2,5,3,4,2,4,3,1,0,5,4,1,4,#NULL!,#NULL!,#NULL!,1,0,1,some members reported hearing feedback,129,1,6,7,1,7,2,6,7,1,6,2,0,4,3,4,4,3,4,3,6,2002,1,#NULL!,#NULL!,#NULL!,#NULL!,#NULL!,#NULL!,NA,NA,NA,NA,NA,NA,NA,NA,NA,NA,NA,NA,NA,NA,1,NA,NA,NA,NA,NA,NA,2,NA,0,2,37,NA,1,1,1,3,2,4,1,1,2,1,2,3,0,NA,NA,1,0,0,0,0,1,1,1,1,0,1,1,1,0,1,0,0.73,2,3.25,3,7,6.75,7,6.5,3.5,3.666666667
129D,1,2,2,5,3,4,4,3,4,3,3,3,4,3,3,2,4,3,5,2,4,4,1,0,5,1,1,1,1,1,2,#NULL!,#NULL!,#NULL!,NA,129,1,5,5,4,5,4,4,4,3,6,2,2,3,2,3,3,2,3,1,6,2000,1,#NULL!,#NULL!,#NULL!,#NULL!,#NULL!,#NULL!,NA,NA,1,NA,NA,NA,NA,NA,NA,NA,NA,NA,NA,NA,NA,NA,NA,NA,NA,NA,NA,3,NA,1,1,34,NA,1,1,1,3,2,1,1,1,4,3,4,1,0,NA,NA,0,0,0,1,0,1,1,1,1,0,1,1,0,1,0,0,0.64,1.5,3,3.25,4,4.75,5,4.75,2.5,2.666666667
130B,3,4,2,4,4,3,3,3,4,4,4,3,3,3,2,3,4,4,3,1,4,2,2,1,4,#NULL!,#NULL!,#NULL!,1,0,1,1,0,1,NA,130,0,7,6,2,6,2,7,7,1,7,1,1,5,4,4,4,4,5,3,6,2000,#NULL!,1,#NULL!,#NULL!,#NULL!,#NULL!,#NULL!,NA,NA,NA,NA,NA,NA,NA,NA,NA,NA,NA,NA,NA,NA,1,NA,NA,NA,NA,NA,NA,3,NA,0,5,36,NA,1,1,1,3,2,4,4,1,2,3,3,3,1,NA,NA,1,0,0,0,0,1,1,1,1,0,0,1,1,1,0,0,0.64,3.5,3.25,3.25,6,6.25,7,7,4.5,4
130D,3,4,2,4,4,2,3,3,5,2,4,3,4,3,3,3,4,3,3,0,4,4,1,0,5,1,0,1,1,0,1,#NULL!,#NULL!,#NULL!,NA,130,0,5,6,3,5,3,2,3,6,2,4,1,3,2,5,3,3,3,1,5,2001,#NULL!,1,#NULL!,#NULL!,#NULL!,#NULL!,#NULL!,NA,NA,NA,NA,NA,NA,NA,NA,NA,NA,NA,NA,NA,NA,1,NA,NA,NA,NA,NA,NA,2,NA,0,1,37,NA,1,1,1,3,1,4,2,3,2,3,1,3,1,NA,NA,1,0,0,0,0,1,1,1,0,0,0,0,1,1,0,1,0.55,3.5,3.25,3.5,5,5.25,2,2.25,2.5,3.666666667
130A,2,4,1,4,3,2,3,2,4,3,3,2,4,3,4,3,5,3,5,0,4,1,#NULL!,#NULL!,#NULL!,1,0,1,1,0,1,1,0,1,NA,130,0,6,5,4,6,3,6,5,2,7,1,4,4,4,4,3,2,5,3,5,2002,1,#NULL!,#NULL!,#NULL!,#NULL!,#NULL!,#NULL!,NA,NA,NA,NA,NA,NA,NA,NA,NA,NA,NA,NA,NA,NA,1,NA,NA,NA,NA,NA,NA,2,NA,0,3,36,NA,1,1,1,1,2,3,4,1,2,3,2,3,0,NA,NA,1,0,0,0,0,1,1,0,1,1,0,1,1,1,1,0,0.73,3,3.75,3,4,5.25,6,6,4,3
130C,3,3,3,3,3,3,3,3,3,3,3,3,3,3,3,3,3,3,4,2,4,3,3,0,3,3,0,1,#NULL!,#NULL!,#NULL!,1,0,1,NA,130,0,4,4,4,4,3,4,4,4,4,3,2,3,3,3,3,3,3,3,4,2002,1,#NULL!,#NULL!,#NULL!,#NULL!,#NULL!,#NULL!,NA,NA,NA,NA,1,NA,NA,NA,NA,NA,NA,NA,NA,NA,NA,NA,NA,NA,NA,NA,NA,2,NA,0,1,#NULL!,NA,1,4,4,4,4,4,4,4,4,4,4,4,0,NA,NA,0,0,0,1,0,0,0,0,0,0,0,0,0,0,0,0,0,3,3,3,4,4,4,4,3,3
131C,2,3,3,3,3,2,3,2,4,3,3,3,3,3,2,2,3,2,2,1,4,3,2,1,5,2,1,1,#NULL!,#NULL!,#NULL!,1,0,1,none,131,0,4,5,3,3,3,4,4,4,3,2,2,2,2,2,2,2,2,1,5,2002,1,#NULL!,#NULL!,#NULL!,#NULL!,#NULL!,#NULL!,NA,NA,NA,NA,NA,NA,NA,NA,NA,NA,NA,NA,NA,NA,1,NA,NA,NA,NA,NA,NA,2,NA,0,2,37,none,1,1,1,3,2,3,1,1,2,3,2,3,0,NA,NA,1,0,0,0,0,1,1,1,1,1,1,1,1,1,1,0,0.91,2.5,2.25,3,5,4.25,4,3.75,2,2
131D,2,4,3,3,3,3,3,2,3,3,3,3,3,3,3,2,3,2,4,1,4,4,2,1,5,1,0,1,1,0,1,#NULL!,#NULL!,#NULL!,NA,131,0,7,6,2,6,3,3,4,3,3,4,0,4,3,3,3,3,3,3,4,2002,1,#NULL!,#NULL!,#NULL!,#NULL!,#NULL!,#NULL!,NA,NA,NA,NA,NA,NA,NA,NA,NA,NA,NA,NA,NA,NA,1,NA,NA,NA,NA,NA,NA,1,NA,0,4,37,NA,1,1,2,1,1,4,1,4,2,2,3,1,0,NA,NA,1,0,0,0,0,1,0,0,0,0,1,0,1,0,0,0,0.27,3,2.5,3,6,6.25,5,3.75,3.5,3
131A,3,5,2,4,5,3,4,3,4,4,4,3,4,4,4,3,3,3,4,0,4,1,#NULL!,#NULL!,#NULL!,2,1,1,1,1,1,1,0,1,NA,131,0,7,6,2,6,2,6,6,2,5,2,2,4,3,3,4,2,4,3,5,2001,#NULL!,1,#NULL!,#NULL!,#NULL!,#NULL!,#NULL!,NA,NA,NA,NA,NA,NA,NA,NA,NA,NA,NA,NA,NA,NA,1,NA,NA,NA,NA,NA,NA,2,NA,0,1,37,NA,1,1,1,3,2,4,1,1,2,3,2,3,1,NA,NA,1,0,0,0,0,1,1,1,1,0,1,1,1,1,1,0,0.82,4,3.25,3.75,6,6.25,6,5.75,3.5,3
131B,2,3,4,3,2,2,2,2,3,3,2,3,4,2,3,2,4,3,3,0,4,2,1,0,5,#NULL!,#NULL!,#NULL!,1,0,1,1,0,1,NA,131,0,4,3,5,4,3,7,6,2,6,1,0,5,5,5,5,5,4,2,6,2001,1,#NULL!,#NULL!,#NULL!,#NULL!,#NULL!,#NULL!,NA,NA,1,NA,NA,NA,NA,NA,NA,NA,NA,NA,NA,NA,NA,NA,NA,NA,NA,NA,NA,1,NA,1,5,34,NA,1,1,2,1,2,4,1,1,2,3,2,3,0,NA,NA,0,0,0,1,0,1,0,0,1,0,1,1,1,1,1,0,0.64,2.5,3,2.75,3,3.5,6,6.25,5,5
132A,3,4,3,4,4,3,4,3,4,3,3,3,4,4,4,4,4,4,4,1,4,1,#NULL!,#NULL!,#NULL!,4,1,3,1,1,1,1,1,1,NA,132,0,6,6,2,6,2,5,5,3,5,2,2,5,5,4,3,5,5,3,5,2002,1,#NULL!,#NULL!,#NULL!,#NULL!,#NULL!,#NULL!,NA,NA,NA,NA,NA,NA,NA,NA,NA,NA,NA,NA,NA,NA,1,NA,NA,NA,NA,NA,NA,1,NA,0,5,37,NA,1,1,3,1,2,1,1,1,2,3,3,1,0,NA,NA,1,0,0,0,0,1,0,0,1,0,1,1,1,1,0,0,0.55,3.5,4,3.5,6,6,5,5,5,4
132C,3,3,3,3,4,3,4,3,4,4,3,3,4,3,3,2,3,3,4,1,4,3,1,0,5,3,1,3,#NULL!,#NULL!,#NULL!,2,1,1,NA,132,0,7,5,3,6,2,4,4,3,4,3,2,3,2,3,2,2,2,5,5,2001,1,#NULL!,#NULL!,#NULL!,#NULL!,#NULL!,#NULL!,NA,NA,NA,NA,NA,NA,NA,NA,NA,NA,NA,NA,NA,NA,1,NA,NA,NA,NA,NA,NA,2,NA,0,1,37,NA,1,1,1,1,2,3,1,1,2,3,2,3,0,NA,NA,1,0,0,0,0,1,1,0,1,1,1,1,1,1,1,0,0.82,3,2.75,3.25,5,5.75,5,4.25,2.5,2.333333333
132B,3,4,3,4,4,3,4,3,5,3,4,4,4,3,4,5,5,3,5,2,4,2,2,1,4,#NULL!,#NULL!,#NULL!,3,1,3,1,1,1,This was a very fun and engaging virtual learning experience study.,132,0,6,5,5,6,3,6,6,2,7,1,2,5,4,4,4,4,5,5,6,2000,#NULL!,1,#NULL!,#NULL!,#NULL!,#NULL!,#NULL!,NA,NA,1,NA,NA,NA,NA,NA,NA,NA,NA,NA,NA,NA,NA,NA,NA,NA,NA,NA,NA,3,NA,0,2,37,NA,1,1,1,3,2,2,1,2,2,3,3,3,1,NA,NA,0,0,0,1,0,1,1,1,1,0,1,0,1,1,0,0,0.64,3.5,4.25,3.75,3,5,6,6.25,4.5,4
132D,2,4,2,3,3,3,3,2,3,3,4,3,4,2,3,3,4,2,2,0,4,4,1,1,5,2,1,1,1,0,1,#NULL!,#NULL!,#NULL!,NA,132,0,6,5,4,6,2,6,5,4,6,3,1,4,3,4,4,5,5,4,5,2002,1,#NULL!,#NULL!,#NULL!,#NULL!,#NULL!,#NULL!,NA,NA,NA,NA,NA,NA,NA,NA,NA,NA,NA,NA,NA,NA,NA,NA,1,NA,NA,NA,NA,3,NA,0,5,37,NA,1,1,1,3,2,4,1,1,2,3,2,3,0,NA,NA,1,0,0,0,0,1,1,1,1,0,1,1,1,1,1,0,0.82,3,3,3.25,4,5.25,4,5.25,3.5,4.333333333
133A,5,5,3,3,4,3,4,3,4,3,4,4,4,3,3,3,4,3,3,1,3,1,#NULL!,#NULL!,#NULL!,3,1,2,1,0,1,#NULL!,#NULL!,#NULL!,NA,133,0,4,3,5,4,3,6,6,2,7,1,0,4,4,3,3,3,5,2,6,2002,1,#NULL!,#NULL!,#NULL!,#NULL!,#NULL!,#NULL!,NA,NA,NA,NA,NA,NA,NA,NA,NA,NA,NA,NA,NA,NA,1,NA,NA,NA,NA,NA,NA,1,NA,0,3,37,NA,1,2,1,1,2,3,1,1,2,3,3,3,0,NA,NA,1,0,0,0,0,0,1,0,1,1,1,1,1,1,0,0,0.64,5,3.25,3.75,3,3.5,6,6.25,4,3
133C,2,4,1,4,4,3,3,2,4,3,4,3,4,3,2,2,4,2,7,0,3,3,1,1,5,1,0,1,#NULL!,#NULL!,#NULL!,#NULL!,#NULL!,#NULL!,NA,133,0,NA,NA,NA,NA,NA,NA,NA,NA,NA,NA,NA,NA,NA,NA,NA,NA,NA,NA,NA,NA,NA,NA,NA,NA,NA,NA,NA,NA,0,0,0,0,0,0,0,0,0,0,0,0,0,0,0,0,0,0,0,NA,NA,NA,NA,NA,NA,NA,1,1,2,1,2,3,2,1,2,3,3,4,NA,0,0,0,0,0,0,0,1,0,0,1,1,0,1,1,1,0,0,0.55,3,2.5,3.5,NA,NA,NA,NA,NA,NA
133B,3,4,2,4,5,4,4,3,5,3,4,3,3,5,4,3,3,4,5,1,3,2,2,1,4,#NULL!,#NULL!,#NULL!,1,0,1,#NULL!,#NULL!,#NULL!,NA,133,0,3,6,5,6,4,7,6,2,6,2,0,3,3,3,3,4,4,5,5,2003,1,#NULL!,#NULL!,#NULL!,#NULL!,#NULL!,#NULL!,NA,NA,NA,NA,NA,NA,NA,NA,NA,NA,NA,NA,NA,NA,1,NA,NA,NA,NA,NA,NA,1,NA,1,3,36,NA,1,1,2,1,2,1,3,3,4,1,3,3,0,NA,NA,1,0,0,0,0,1,0,0,1,0,0,0,0,0,0,0,0.18,3.5,3.5,3.75,3,4.5,6,6.25,3,3.333333333
134B,2,3,2,3,4,2,3,2,3,3,3,3,4,4,3,3,4,3,3,0,3,2,1,0,5,#NULL!,#NULL!,#NULL!,1,0,1,#NULL!,#NULL!,#NULL!,NA,134,1,4,4,5,3,3,6,4,4,5,1,1,3,3,3,4,4,3,1,6,2002,1,#NULL!,#NULL!,#NULL!,#NULL!,#NULL!,#NULL!,NA,NA,NA,NA,NA,NA,NA,NA,NA,NA,NA,NA,NA,NA,1,NA,NA,NA,NA,NA,NA,1,NA,0,2,36,NA,1,1,1,1,2,2,1,1,2,3,1,4,0,NA,NA,1,0,0,0,0,1,1,0,1,0,1,1,1,1,0,1,0.73,2.5,3.25,3.5,3,3.5,4,4.75,3,3.666666667
134A,1,5,1,4,4,2,4,2,3,3,3,2,4,4,4,3,5,3,3,0,3,1,#NULL!,#NULL!,#NULL!,1,0,1,1,0,1,#NULL!,#NULL!,#NULL!,No technical difficulties other than the researcher's microphone in the beginning,134,1,7,7,1,7,1,5,3,5,7,1,0,3,2,3,2,2,3,1,5,2001,#NULL!,1,#NULL!,#NULL!,#NULL!,#NULL!,#NULL!,NA,NA,NA,NA,NA,NA,NA,NA,NA,NA,NA,NA,NA,NA,1,NA,NA,NA,NA,NA,NA,2,NA,0,1,37,People really don't share personal stories and there aren't too many opportunities to talk to others in the class,1,1,1,1,2,3,1,3,4,3,2,4,1,NA,NA,1,0,0,0,0,1,1,0,1,1,1,0,0,1,1,0,0.64,3,3.75,3.25,7,7,3,4.5,2.5,2.333333333
134C,2,2,2,4,4,2,3,3,5,3,3,3,5,4,3,3,5,3,2,0,3,3,1,0,5,1,0,1,#NULL!,#NULL!,#NULL!,#NULL!,#NULL!,#NULL!,NA,134,1,6,5,5,5,3,7,6,3,7,1,2,4,2,3,4,3,4,2,5,2002,#NULL!,1,#NULL!,#NULL!,#NULL!,#NULL!,#NULL!,NA,NA,NA,NA,NA,NA,NA,NA,NA,NA,NA,NA,NA,NA,1,NA,NA,NA,NA,NA,NA,1,NA,0,2,36,NA,1,1,2,1,2,4,1,1,2,1,1,3,1,NA,NA,1,0,0,0,0,1,0,0,1,0,1,1,1,0,0,1,0.55,2,3.5,3.75,3,4.75,5,6.25,3,3.333333333
135A,2,2,2,3,3,3,3,1,3,2,2,2,5,3,3,3,5,2,2,0,3,1,#NULL!,#NULL!,#NULL!,1,0,1,1,0,1,#NULL!,#NULL!,#NULL!,NA,135,1,7,7,1,7,2,4,6,1,7,1,1,3,2,2,2,2,3,2,5,2002,1,#NULL!,#NULL!,#NULL!,#NULL!,#NULL!,#NULL!,NA,NA,NA,NA,NA,NA,NA,NA,NA,NA,NA,NA,NA,NA,1,NA,NA,NA,NA,NA,NA,2,NA,0,1,37,NA,1,1,1,3,2,4,4,1,4,1,1,1,0,NA,NA,1,0,0,0,0,1,1,1,1,0,0,1,0,0,0,1,0.55,2,3.25,3,7,7,7,6,2.5,2
135B,2,4,3,4,3,2,3,2,3,3,3,3,3,3,3,2,4,3,2,0,3,2,1,0,5,#NULL!,#NULL!,#NULL!,1,0,1,#NULL!,#NULL!,#NULL!,None,135,1,5,5,4,6,3,4,5,5,3,3,0,2,3,4,2,3,4,3,6,2001,#NULL!,1,#NULL!,#NULL!,#NULL!,#NULL!,#NULL!,NA,1,NA,NA,NA,NA,NA,NA,NA,NA,NA,NA,NA,NA,1,1,NA,NA,NA,NA,NA,2,NA,0,4,34,No,1,1,1,1,2,4,2,1,2,3,2,1,1,NA,NA,1,0,0,0,1,1,1,0,1,0,0,1,1,1,1,0,0.64,3,3,3,4,5,3,3.75,2.5,3
135C,2,3,2,2,3,2,2,1,3,3,3,2,5,3,3,3,5,3,3,1,3,3,1,1,5,1,0,1,#NULL!,#NULL!,#NULL!,#NULL!,#NULL!,#NULL!,NA,135,1,4,4,4,5,2,6,6,2,6,1,1,4,3,3,3,3,4,4,6,2002,#NULL!,1,#NULL!,#NULL!,#NULL!,#NULL!,#NULL!,NA,NA,NA,NA,NA,NA,NA,NA,NA,NA,NA,NA,NA,NA,1,NA,NA,NA,NA,NA,NA,2,NA,0,3,37,NA,1,1,1,3,2,3,1,1,2,3,3,3,1,NA,NA,1,0,0,0,0,1,1,1,1,1,1,1,1,1,0,0,0.82,2.5,3.5,3.25,4,4.25,6,6,3.5,3
136B,1,2,2,3,3,3,3,2,3,3,3,2,4,4,3,3,3,3,3,1,3,2,2,1,5,#NULL!,#NULL!,#NULL!,1,1,1,#NULL!,#NULL!,#NULL!,NA,136,1,7,7,1,7,1,7,7,1,7,1,1,4,4,5,5,5,4,4,5,2002,1,#NULL!,#NULL!,#NULL!,#NULL!,#NULL!,#NULL!,NA,NA,NA,NA,NA,NA,NA,NA,NA,NA,NA,NA,NA,NA,NA,NA,1,NA,NA,NA,NA,1,NA,0,5,36,NA,1,1,2,1,2,4,2,1,1,4,3,3,0,NA,NA,1,0,0,0,0,1,0,0,1,0,0,1,0,0,0,0,0.27,1.5,3,3.25,7,7,7,7,4,5
136C,2,4,1,3,5,2,4,3,4,3,3,3,4,3,4,4,5,3,2,2,3,3,1,1,5,2,1,1,#NULL!,#NULL!,#NULL!,#NULL!,#NULL!,#NULL!,NA,136,1,4,4,5,5,1,7,7,1,7,1,1,4,4,3,4,5,5,4,6,2001,#NULL!,1,#NULL!,#NULL!,#NULL!,#NULL!,#NULL!,NA,NA,NA,NA,NA,NA,NA,NA,NA,NA,NA,NA,NA,NA,1,NA,NA,NA,NA,NA,NA,2,NA,0,5,37,NA,1,1,2,3,2,4,1,3,2,3,2,1,1,NA,NA,1,0,0,0,0,1,0,1,1,0,1,0,1,1,1,0,0.64,3,4,3.25,3,4,7,7,4,4
136A,1,3,2,4,4,2,2,3,4,4,3,2,4,3,3,2,4,3,4,1,3,1,#NULL!,#NULL!,#NULL!,1,1,1,1,0,1,#NULL!,#NULL!,#NULL!,NA,136,1,6,6,1,7,2,6,6,2,7,3,4,3,2,4,5,5,3,3,5,2002,1,#NULL!,#NULL!,#NULL!,#NULL!,#NULL!,#NULL!,NA,NA,NA,NA,NA,NA,NA,NA,NA,NA,NA,NA,NA,NA,1,NA,NA,NA,NA,NA,NA,2,NA,0,3,37,NA,1,2,1,1,2,1,1,1,3,3,1,3,0,NA,NA,1,0,0,0,0,0,1,0,1,0,1,1,0,1,0,1,0.55,2,3,3,7,6.5,6,6.25,2.5,4.666666667
137A,2,3,2,4,5,3,3,3,5,4,5,5,5,4,4,3,5,4,6,0,4,1,#NULL!,#NULL!,#NULL!,1,0,1,1,0,1,1,0,1,NA,137,0,7,7,2,7,1,7,7,1,7,1,2,5,5,5,5,5,5,4,6,2002,1,#NULL!,#NULL!,#NULL!,#NULL!,#NULL!,#NULL!,NA,NA,NA,NA,NA,NA,NA,NA,NA,NA,NA,NA,NA,NA,1,NA,NA,NA,NA,NA,NA,1,NA,0,5,37,NA,1,1,2,1,2,4,2,1,2,3,2,3,0,NA,NA,1,0,0,0,0,1,0,0,1,0,0,1,1,1,1,0,0.55,2.5,4,4.75,6,6.75,7,7,5,5
137C,1,3,1,4,4,3,4,4,5,5,4,3,4,4,3,3,3,3,4,1,4,3,1,0,5,5,1,4,#NULL!,#NULL!,#NULL!,2,1,1,NA,137,0,5,5,2,4,4,6,6,2,6,2,3,4,4,4,5,5,5,4,6,2002,1,#NULL!,#NULL!,#NULL!,#NULL!,#NULL!,#NULL!,NA,NA,1,NA,NA,NA,NA,NA,NA,NA,NA,NA,NA,NA,NA,NA,NA,NA,NA,NA,NA,1,NA,1,5,37,NA,1,2,2,1,1,4,1,1,2,3,3,3,0,NA,NA,0,0,0,1,0,0,0,0,0,0,1,1,1,1,0,0,0.36,2,3,3.75,6,5,6,6,4,4.666666667
137D,3,3,1,5,5,2,4,3,5,3,4,4,4,4,4,4,5,4,4,0,4,4,1,0,5,1,1,1,1,0,1,#NULL!,#NULL!,#NULL!,NA,137,0,6,5,2,6,2,4,5,4,6,3,1,4,3,3,3,3,4,2,6,2002,1,#NULL!,#NULL!,#NULL!,#NULL!,#NULL!,#NULL!,NA,NA,1,NA,NA,NA,NA,NA,NA,NA,NA,NA,NA,NA,NA,NA,NA,NA,NA,NA,NA,2,NA,1,1,37,NA,1,1,1,3,3,3,1,3,2,3,2,1,0,NA,NA,0,0,0,1,0,1,1,1,0,1,1,0,1,1,1,0,0.73,3,4.25,4,6,5.75,4,4.75,3.5,3
137B,4,5,2,4,4,3,4,3,5,3,4,4,4,4,4,3,4,3,2,1,4,2,1,1,5,#NULL!,#NULL!,#NULL!,5,1,4,1,0,1,None,137,0,6,6,2,6,2,6,6,2,6,2,4,4,4,3,4,4,4,3,6,2003,1,#NULL!,#NULL!,#NULL!,#NULL!,#NULL!,#NULL!,NA,NA,1,NA,NA,NA,NA,NA,NA,NA,NA,NA,NA,NA,NA,NA,NA,NA,NA,NA,NA,1,NA,1,5,23,None,1,1,2,1,2,2,2,1,3,3,3,3,0,NA,NA,0,0,0,1,0,1,0,0,1,0,0,1,0,1,0,0,0.36,4.5,3.5,4,6,6,6,6,4,3.666666667
138D,2,1,4,2,3,1,2,1,3,3,2,2,3,2,2,2,4,2,2,0,3,4,1,0,5,1,0,1,1,0,1,#NULL!,#NULL!,#NULL!,NA,138,1,7,4,4,3,3,7,7,1,7,5,0,5,5,5,5,5,5,4,5,2001,1,#NULL!,#NULL!,#NULL!,#NULL!,#NULL!,#NULL!,NA,NA,NA,NA,NA,NA,NA,NA,NA,1,NA,NA,NA,NA,1,NA,NA,NA,NA,NA,NA,1,NA,1,5,37,NA,1,1,2,1,2,1,1,2,4,2,3,3,0,NA,NA,1,0,1,0,0,1,0,0,1,0,1,0,0,0,0,0,0.27,1.5,2.5,2.25,4,4.5,7,7,5,5
138A,2,3,2,3,3,1,3,2,4,2,3,3,4,3,3,3,5,2,2,0,3,1,#NULL!,#NULL!,#NULL!,1,0,1,1,0,1,#NULL!,#NULL!,#NULL!,none,138,1,6,6,5,6,3,4,4,5,4,1,0,3,3,2,1,1,4,1,5,2000,#NULL!,1,#NULL!,#NULL!,#NULL!,#NULL!,#NULL!,NA,NA,NA,NA,NA,NA,NA,NA,NA,NA,NA,NA,NA,NA,NA,NA,1,NA,NA,NA,NA,3,NA,0,1,37,NO,1,1,1,4,3,4,1,3,1,1,1,2,1,NA,NA,1,0,0,0,0,1,1,0,0,0,1,0,0,0,0,1,0.36,2.5,3.25,3.25,3,5.25,3,3.75,3,1.333333333
138C,2,3,1,5,5,1,3,3,4,3,4,4,5,5,5,4,4,4,4,0,3,3,1,0,5,1,0,1,#NULL!,#NULL!,#NULL!,#NULL!,#NULL!,#NULL!,NA,138,1,7,7,1,7,1,7,7,1,7,1,0,3,1,1,1,1,2,3,6,2002,1,#NULL!,#NULL!,#NULL!,#NULL!,#NULL!,#NULL!,NA,NA,NA,NA,NA,NA,NA,NA,NA,NA,NA,NA,NA,NA,1,NA,NA,NA,NA,NA,NA,2,NA,0,1,37,NA,1,1,1,1,2,4,2,4,4,4,4,3,0,NA,NA,1,0,0,0,0,1,1,0,1,0,0,0,0,0,0,0,0.27,2.5,4.25,4.5,7,7,7,7,2,1
139D,2,3,2,2,3,3,2,1,4,3,4,3,5,3,3,3,5,3,4,1,4,4,1,0,5,1,1,1,5,1,4,#NULL!,#NULL!,#NULL!,NA,139,1,7,7,1,6,2,7,7,1,7,3,2,4,3,3,3,2,3,3,6,2001,1,#NULL!,#NULL!,#NULL!,#NULL!,#NULL!,#NULL!,NA,NA,NA,NA,NA,NA,NA,NA,NA,NA,NA,NA,NA,NA,1,NA,NA,NA,NA,NA,NA,2,NA,0,1,37,NA,1,1,1,3,2,1,1,4,2,3,2,1,0,NA,NA,1,0,0,0,0,1,1,1,1,0,1,0,1,1,1,0,0.73,2.5,3.5,3.75,7,6.75,7,7,3.5,2.666666667
139B,2,4,1,4,4,3,3,2,4,3,3,3,4,3,3,3,4,3,2,1,4,2,1,0,5,#NULL!,#NULL!,#NULL!,1,0,1,1,1,1,NA,139,1,7,7,2,6,2,6,6,2,6,2,0,4,3,3,3,3,4,1,6,2003,1,#NULL!,#NULL!,#NULL!,#NULL!,#NULL!,#NULL!,NA,NA,NA,NA,NA,NA,NA,NA,NA,NA,NA,NA,NA,NA,1,NA,NA,NA,NA,NA,NA,1,NA,0,2,36,NA,1,1,2,3,2,2,1,1,2,3,1,3,0,NA,NA,1,0,0,0,0,1,0,1,1,0,1,1,1,1,0,1,0.73,3,3.25,3.25,6,6.5,6,6,3.5,3
139A,1,1,3,2,2,2,2,1,3,3,2,2,4,2,3,2,4,3,2,0,4,1,#NULL!,#NULL!,#NULL!,1,0,1,1,0,1,1,0,1,NA,139,1,6,6,2,6,3,4,4,2,6,3,1,2,2,2,2,3,2,4,6,2001,1,#NULL!,#NULL!,#NULL!,#NULL!,#NULL!,#NULL!,NA,NA,NA,NA,NA,NA,NA,NA,NA,NA,NA,NA,NA,NA,1,NA,NA,NA,NA,NA,NA,2,NA,0,2,37,NA,1,1,2,3,2,3,1,1,2,1,3,3,0,NA,NA,1,0,0,0,0,1,0,1,1,1,1,1,1,0,0,0,0.64,1,3,2.5,6,6,6,5,2,2.333333333
139C,1,3,2,3,4,4,3,4,5,3,4,2,4,3,3,3,5,2,3,1,4,3,1,0,5,1,0,1,#NULL!,#NULL!,#NULL!,5,1,4,NA,139,1,7,7,2,7,2,7,7,2,7,2,3,5,5,5,5,5,5,5,6,2002,1,#NULL!,#NULL!,#NULL!,#NULL!,#NULL!,#NULL!,NA,NA,NA,NA,NA,NA,NA,NA,NA,NA,NA,NA,NA,NA,1,NA,NA,NA,NA,NA,NA,2,NA,0,2,37,NA,1,1,1,3,2,4,1,1,2,3,2,3,0,NA,NA,1,0,0,0,0,1,1,1,1,0,1,1,1,1,1,0,0.82,2,3.25,3.25,6,6.75,6,6.75,5,5
140C,4,4,4,3,3,2,2,2,4,2,3,2,4,2,2,2,4,2,2,1,4,3,1,1,5,1,0,1,#NULL!,#NULL!,#NULL!,2,1,3,NA,140,0,6,6,1,6,2,7,2,5,6,2,0,5,2,4,3,4,3,4,6,2000,1,#NULL!,#NULL!,#NULL!,#NULL!,#NULL!,#NULL!,NA,NA,NA,NA,NA,NA,NA,NA,NA,NA,NA,NA,NA,NA,1,NA,NA,NA,NA,NA,NA,4,NA,0,1,37,NA,1,1,2,3,2,4,1,1,2,3,2,3,0,NA,NA,1,0,0,0,0,1,0,1,1,0,1,1,1,1,1,0,0.73,4,2.5,2.75,7,6.25,3,4.5,3.5,3.666666667
140B,4,5,2,5,4,2,3,3,4,4,3,3,3,3,4,3,5,4,3,3,4,2,1,1,5,#NULL!,#NULL!,#NULL!,1,1,1,1,0,1,NA,140,0,7,7,1,7,2,7,6,1,5,1,1,3,3,4,5,5,3,3,6,2002,1,#NULL!,#NULL!,#NULL!,#NULL!,#NULL!,#NULL!,NA,NA,NA,NA,NA,NA,NA,NA,NA,NA,NA,NA,NA,NA,1,NA,NA,NA,NA,NA,NA,1,NA,0,5,37,NA,1,1,3,1,4,4,1,1,2,1,1,3,0,NA,NA,1,0,0,0,0,1,0,0,0,0,1,1,1,0,0,1,0.45,4.5,4,3,7,7,7,6.25,3,4.666666667
140D,2,4,2,4,3,2,4,4,4,4,4,3,4,4,3,3,4,3,4,2,4,4,4,1,3,4,1,4,2,0,2,#NULL!,#NULL!,#NULL!,NA,140,0,4,4,6,3,5,6,6,2,7,1,2,4,3,4,4,4,4,2,6,2003,1,#NULL!,#NULL!,#NULL!,#NULL!,#NULL!,#NULL!,NA,NA,1,NA,NA,NA,NA,NA,NA,NA,NA,NA,NA,NA,NA,NA,NA,NA,NA,NA,NA,1,NA,0,3,36,NA,1,1,3,1,2,3,1,3,2,3,4,3,0,NA,NA,0,0,0,1,0,1,0,0,1,1,1,0,1,1,0,0,0.55,3,3.25,3.75,2,3.25,6,6.25,3.5,4
140A,2,4,2,4,4,3,3,3,4,4,3,3,3,3,3,3,4,3,4,1,4,1,#NULL!,#NULL!,#NULL!,1,1,1,2,1,2,2,1,2,N/A,140,0,7,7,1,7,2,7,7,1,7,1,1,4,4,4,4,4,5,4,6,2003,1,#NULL!,#NULL!,#NULL!,#NULL!,#NULL!,#NULL!,NA,NA,NA,NA,NA,NA,NA,NA,NA,NA,1,NA,NA,NA,NA,NA,NA,NA,NA,NA,NA,1,NA,0,2,37,N/A,1,1,4,3,2,2,3,2,2,3,3,3,0,NA,NA,0,1,0,0,0,1,0,1,1,0,0,0,1,1,0,0,0.45,3,3.25,3,7,7,7,7,4,4
141B,3,4,3,3,3,3,3,2,4,3,4,3,4,3,3,3,4,3,3,0,3,2,1,0,5,#NULL!,#NULL!,#NULL!,1,0,1,#NULL!,#NULL!,#NULL!,NA,141,0,7,7,1,7,1,7,7,1,7,1,0,4,4,4,4,4,4,1,6,2002,1,#NULL!,#NULL!,#NULL!,#NULL!,#NULL!,#NULL!,NA,NA,NA,NA,NA,NA,NA,NA,NA,NA,NA,NA,NA,NA,1,NA,NA,NA,NA,NA,NA,1,NA,0,2,37,NA,1,1,2,4,2,4,1,1,2,3,4,3,0,NA,NA,1,0,0,0,0,1,0,0,1,0,1,1,1,1,0,0,0.55,3.5,3.25,3.5,7,7,7,7,4,4
141C,3,4,2,4,5,3,4,3,4,4,4,3,4,3,4,4,5,3,6,0,3,3,1,1,4,1,0,1,#NULL!,#NULL!,#NULL!,#NULL!,#NULL!,#NULL!,NA,141,0,4,4,3,3,4,7,7,2,7,1,2,4,4,4,3,3,4,3,6,2002,#NULL!,1,#NULL!,#NULL!,#NULL!,#NULL!,#NULL!,NA,NA,NA,NA,NA,NA,NA,NA,NA,NA,NA,NA,NA,NA,NA,NA,1,NA,NA,NA,NA,1,NA,0,2,37,NA,1,1,1,3,2,4,1,1,2,3,2,3,1,NA,NA,1,0,0,0,0,1,1,1,1,0,1,1,1,1,1,0,0.82,3.5,4,3.5,5,4,6,6.75,4,3.333333333
142A,2,3,2,3,3,2,3,2,3,3,4,3,4,3,4,2,4,3,3,0,4,1,#NULL!,#NULL!,#NULL!,2,0,1,2,0,1,2,1,2,NA,142,1,6,6,2,5,3,6,6,2,6,1,0,4,3,3,3,3,3,1,6,2002,1,#NULL!,#NULL!,#NULL!,#NULL!,#NULL!,#NULL!,NA,NA,NA,NA,NA,NA,NA,NA,NA,NA,NA,NA,NA,NA,1,NA,NA,NA,NA,NA,NA,1,NA,0,2,37,NA,1,1,1,1,2,3,3,4,2,3,2,2,0,NA,NA,1,0,0,0,0,1,1,0,1,1,0,0,1,1,1,0,0.64,2.5,3.25,3.5,6,5.75,6,6,3.5,3
142B,2,3,2,3,4,2,3,2,4,4,3,3,3,3,3,3,3,3,5,0,4,2,2,0,4,#NULL!,#NULL!,#NULL!,2,0,1,2,0,1,NA,142,1,6,2,7,2,4,6,6,2,6,1,2,4,4,4,4,5,4,1,6,2002,1,#NULL!,#NULL!,#NULL!,#NULL!,#NULL!,#NULL!,NA,NA,NA,NA,NA,NA,NA,NA,NA,NA,NA,NA,NA,NA,1,NA,NA,NA,NA,NA,NA,1,NA,0,4,37,NA,1,1,2,3,2,3,1,1,2,1,2,1,0,NA,NA,1,0,0,0,0,1,0,1,1,1,1,1,1,0,1,0,0.73,2.5,3,3,1,2.75,6,6,4,4.333333333
142D,2,2,2,3,4,2,3,2,3,3,2,2,3,2,3,3,3,2,3,0,4,4,1,0,5,1,0,1,1,0,1,#NULL!,#NULL!,#NULL!,none,142,1,5,4,5,6,2,7,3,5,7,1,0,3,3,4,4,3,5,4,6,2000,#NULL!,1,#NULL!,#NULL!,#NULL!,#NULL!,#NULL!,NA,NA,NA,NA,NA,NA,NA,NA,NA,NA,NA,NA,NA,NA,1,NA,NA,NA,NA,NA,NA,4,NA,0,1,37,no,1,4,3,3,2,3,2,1,2,3,2,3,1,NA,NA,1,0,0,0,0,0,0,1,1,1,0,1,1,1,1,0,0.64,2,2.75,2.25,3,4.5,3,5,3,3.666666667
142C,2,4,2,4,4,3,3,3,4,4,4,4,4,4,4,4,4,4,3,0,4,3,1,0,5,2,0,1,#NULL!,#NULL!,#NULL!,1,0,1,NA,142,1,5,5,5,5,3,5,6,2,6,2,0,5,3,3,3,4,4,2,5,2003,1,#NULL!,#NULL!,#NULL!,#NULL!,#NULL!,#NULL!,NA,NA,NA,NA,NA,NA,NA,NA,1,NA,NA,NA,NA,NA,NA,NA,NA,NA,NA,NA,NA,1,NA,0,1,23,NA,1,1,2,3,2,1,1,1,2,3,3,2,0,NA,NA,0,0,1,0,0,1,0,1,1,0,1,1,1,1,0,0,0.64,3,4,4,3,4.5,6,5.75,4,3.333333333
143A,2,3,2,3,3,2,3,2,3,3,3,3,4,2,3,3,4,2,3,1,4,1,#NULL!,#NULL!,#NULL!,1,0,1,2,1,2,1,0,1,NA,143,0,5,5,5,4,3,6,6,2,6,2,3,4,4,5,5,5,4,4,6,2002,#NULL!,1,#NULL!,#NULL!,#NULL!,#NULL!,#NULL!,NA,NA,NA,NA,NA,NA,NA,NA,NA,NA,NA,NA,NA,NA,1,NA,NA,NA,NA,NA,NA,2,NA,0,1,37,NA,1,1,2,1,2,4,2,4,2,1,2,2,1,NA,NA,1,0,0,0,0,1,0,0,1,0,0,0,1,0,1,0,0.36,2.5,3,3,3,4.25,6,6,4,5
143B,2,4,2,4,3,3,3,3,4,3,3,3,4,4,3,3,4,3,4,1,4,2,1,0,5,#NULL!,#NULL!,#NULL!,1,0,1,3,1,4,NA,143,0,7,7,1,7,1,6,6,2,6,1,0,4,3,4,4,4,4,4,6,2001,#NULL!,1,#NULL!,#NULL!,#NULL!,#NULL!,#NULL!,NA,NA,NA,NA,NA,NA,NA,NA,NA,NA,NA,NA,NA,NA,1,NA,NA,NA,NA,NA,NA,2,NA,0,2,37,NA,1,1,2,3,2,4,1,3,2,3,2,1,1,NA,NA,1,0,0,0,0,1,0,1,1,0,1,0,1,1,1,0,0.64,3,3.25,3.5,7,7,6,6,3.5,4
143C,2,3,3,2,3,3,3,2,4,3,2,3,4,2,2,2,4,2,2,0,4,3,1,0,5,1,0,1,#NULL!,#NULL!,#NULL!,1,0,1,NA,143,0,7,6,3,2,2,7,6,2,1,1,2,5,5,5,5,5,5,5,6,2001,#NULL!,1,#NULL!,#NULL!,#NULL!,#NULL!,#NULL!,NA,NA,NA,NA,NA,NA,NA,NA,NA,NA,NA,NA,NA,NA,1,NA,NA,NA,NA,NA,NA,2,NA,0,2,36,NA,1,2,2,3,1,4,1,3,1,3,1,3,1,NA,NA,1,0,0,0,0,0,0,1,0,0,1,0,0,1,0,1,0.36,2.5,2.5,2.75,5,5,6,5,5,5
143D,3,3,3,2,3,3,3,3,3,3,3,4,4,3,3,2,3,3,3,1,4,4,1,0,5,3,1,3,1,0,1,#NULL!,#NULL!,#NULL!,n/a,143,0,5,5,5,5,3,6,6,2,2,3,3,3,3,3,3,3,4,3,5,2002,1,#NULL!,#NULL!,#NULL!,#NULL!,#NULL!,#NULL!,NA,NA,1,NA,NA,NA,NA,NA,NA,NA,NA,NA,NA,NA,1,NA,NA,NA,NA,NA,NA,2,NA,0,3,37,no,1,1,2,3,2,1,1,2,2,1,2,3,0,NA,NA,1,0,0,1,0,1,0,1,1,0,1,0,1,0,1,0,0.55,3,2.75,3.5,3,4.5,6,5,3,3
144A,2,2,2,3,2,2,2,2,3,3,3,3,4,3,3,2,4,3,4,0,3,1,#NULL!,#NULL!,#NULL!,1,0,1,1,0,1,#NULL!,#NULL!,#NULL!,NA,144,1,5,5,3,6,3,6,6,2,6,1,0,4,4,4,4,4,4,3,6,2002,1,#NULL!,#NULL!,#NULL!,#NULL!,#NULL!,#NULL!,NA,NA,NA,NA,NA,NA,NA,NA,NA,1,NA,NA,NA,NA,NA,NA,NA,NA,NA,NA,NA,2,NA,0,5,37,NA,1,2,2,1,2,4,1,1,2,3,2,1,0,NA,NA,0,0,1,0,0,0,0,0,1,0,1,1,1,1,1,0,0.55,2,3,3.25,5,5.25,6,6,4,4
144C,1,3,2,3,3,2,3,3,3,3,3,3,4,4,4,3,4,4,4,0,3,3,1,0,5,1,0,2,#NULL!,#NULL!,#NULL!,#NULL!,#NULL!,#NULL!,NA,144,1,3,3,5,3,3,6,6,2,6,1,0,4,3,4,4,4,4,1,5,2002,1,#NULL!,#NULL!,#NULL!,#NULL!,#NULL!,#NULL!,NA,NA,NA,NA,NA,NA,NA,NA,NA,NA,NA,NA,1,NA,NA,NA,NA,NA,NA,NA,NA,2,NA,0,2,35,NA,1,1,3,4,3,3,1,4,1,1,1,3,0,NA,NA,0,1,0,0,0,1,0,0,0,1,1,0,0,0,0,1,0.36,2,3.75,3.5,3,3,6,6,3.5,4
144B,2,3,3,3,2,1,2,1,3,1,2,1,5,1,3,1,4,2,2,1,3,2,1,1,4,#NULL!,#NULL!,#NULL!,1,0,3,#NULL!,#NULL!,#NULL!,NA,144,1,6,5,1,7,2,7,4,5,6,3,1,5,5,5,5,5,5,1,6,2003,1,#NULL!,#NULL!,#NULL!,#NULL!,#NULL!,#NULL!,NA,NA,NA,NA,1,NA,NA,NA,NA,NA,NA,NA,NA,NA,NA,NA,NA,NA,NA,NA,NA,1,NA,1,3,23,NA,1,1,3,1,4,2,1,2,2,3,1,1,0,NA,NA,0,0,0,1,0,1,0,0,0,0,1,0,1,1,0,1,0.45,2.5,2.5,2.25,7,6.25,3,5,5,5
146D,4,4,3,4,4,3,4,2,4,3,4,3,4,3,3,3,4,3,4,0,3,4,3,0,5,1,0,1,1,0,1,#NULL!,#NULL!,#NULL!,NA,146,0,3,3,3,3,3,5,5,3,5,1,0,5,5,4,4,5,5,2,5,2003,1,#NULL!,#NULL!,#NULL!,#NULL!,#NULL!,#NULL!,NA,NA,NA,NA,NA,NA,NA,NA,NA,1,NA,NA,NA,NA,1,NA,NA,NA,NA,NA,NA,1,NA,1,3,36,NA,1,1,3,3,1,4,3,1,2,1,1,3,0,NA,NA,1,0,1,0,0,1,0,1,0,0,0,1,1,0,0,1,0.45,4,3.25,3.5,5,3.5,5,5,5,4.333333333
146A,3,4,1,4,4,2,3,3,4,4,4,3,4,4,3,3,4,3,4,0,3,1,#NULL!,#NULL!,#NULL!,1,0,1,1,0,1,#NULL!,#NULL!,#NULL!,N/A,146,0,7,6,2,6,2,7,7,1,6,1,0,5,4,4,4,4,4,3,5,2003,1,#NULL!,#NULL!,#NULL!,#NULL!,#NULL!,#NULL!,NA,NA,NA,NA,NA,NA,NA,NA,NA,NA,NA,NA,NA,NA,1,NA,NA,NA,NA,NA,NA,1,NA,0,5,36,N/A,1,1,1,3,2,3,1,1,4,3,2,4,0,NA,NA,1,0,0,0,0,1,1,1,1,1,1,1,0,1,1,0,0.82,3.5,3.25,3.75,6,6.25,7,6.75,4.5,4
145A,3,2,2,3,4,3,3,2,4,4,4,3,4,4,4,3,5,4,4,1,#NULL!,1,#NULL!,#NULL!,#NULL!,3,1,3,1,0,1,#NULL!,#NULL!,#NULL!,"There was only one other person in the group, so 2 total including me and person C answers aren't for an actual person",145,0,6,6,2,6,3,6,6,2,5,1,1,2,2,3,3,3,2,3,6,2001,#NULL!,1,#NULL!,#NULL!,#NULL!,#NULL!,#NULL!,NA,NA,NA,NA,1,NA,NA,NA,NA,NA,NA,NA,NA,NA,NA,NA,NA,NA,NA,NA,NA,2,NA,0,1,37,N/A,1,1,2,1,2,4,1,1,2,1,2,1,1,NA,NA,0,0,0,1,0,1,0,0,1,0,1,1,1,0,1,0,0.55,2.5,4,3.75,6,6,6,5.75,2,3
145C,4,4,2,5,5,3,5,4,5,4,4,4,5,5,5,5,5,5,5,1,3,3,1,1,3,1,0,1,#NULL!,#NULL!,#NULL!,#NULL!,#NULL!,#NULL!,I only had one other group member not 3. there was no option for just 2,145,0,7,7,1,7,1,6,6,1,7,2,2,2,1,1,1,1,1,4,5,2001,#NULL!,1,#NULL!,#NULL!,#NULL!,#NULL!,#NULL!,NA,NA,NA,NA,NA,NA,NA,NA,NA,NA,NA,NA,NA,NA,1,NA,NA,NA,NA,NA,NA,2,NA,0,1,36,no.,1,1,3,1,3,3,1,4,2,1,1,3,1,NA,NA,1,0,0,0,0,1,0,0,0,1,1,0,1,0,0,1,0.45,4,5,4.5,7,7,7,6.5,1.5,1
148B,4,4,3,3,4,5,4,2,5,3,2,3,3,3,2,2,4,2,4,2,3,2,1,0,5,#NULL!,#NULL!,#NULL!,3,1,3,#NULL!,#NULL!,#NULL!,NA,148,0,6,7,2,7,3,7,7,2,6,2,4,5,5,5,5,5,5,3,5,2002,1,#NULL!,#NULL!,#NULL!,#NULL!,#NULL!,#NULL!,NA,NA,NA,NA,NA,NA,NA,NA,NA,NA,NA,NA,NA,NA,NA,1,NA,NA,NA,NA,NA,2,NA,0,5,37,NA,1,2,2,3,2,3,1,3,4,4,1,1,0,NA,NA,1,0,0,0,0,0,0,1,1,1,1,0,0,0,0,1,0.45,4,2.5,2.75,6,6.5,6,6.5,5,5
148A,5,4,3,4,4,3,4,3,3,3,4,4,4,4,4,4,4,3,4,1,3,1,#NULL!,#NULL!,#NULL!,1,1,1,1,1,1,#NULL!,#NULL!,#NULL!,NA,148,0,4,5,5,4,3,3,4,5,5,3,0,4,3,4,4,3,4,4,3,2003,#NULL!,1,#NULL!,#NULL!,#NULL!,#NULL!,#NULL!,NA,NA,NA,NA,NA,NA,NA,NA,NA,NA,NA,NA,NA,NA,1,NA,NA,NA,NA,NA,NA,1,NA,1,2,36,NA,1,4,3,1,2,4,1,2,2,3,1,3,1,NA,NA,1,0,0,0,0,0,0,0,1,0,1,0,1,1,0,1,0.45,4.5,3.75,4,3,4,3,3.75,3.5,3.666666667
148C,3,4,2,5,5,5,5,3,5,5,3,3,4,3,2,2,4,3,4,1,3,3,1,1,5,1,1,1,#NULL!,#NULL!,#NULL!,#NULL!,#NULL!,#NULL!,None!,148,0,6,6,2,6,2,7,7,2,7,1,3,4,3,5,5,4,5,4,6,2002,1,#NULL!,#NULL!,#NULL!,#NULL!,#NULL!,#NULL!,NA,NA,NA,NA,1,NA,NA,NA,NA,NA,NA,NA,NA,NA,NA,NA,NA,NA,NA,NA,NA,2,NA,0,4,37,None,1,2,1,3,2,3,3,3,2,3,2,3,0,NA,NA,0,0,0,1,0,0,1,1,1,1,0,0,1,1,1,0,0.64,3.5,2.75,3.25,6,6,6,6.75,3.5,4.666666667
149B,4,4,2,4,4,2,3,2,4,3,4,3,4,3,4,3,4,3,5,1,3,2,3,1,3,#NULL!,#NULL!,#NULL!,1,0,1,#NULL!,#NULL!,#NULL!,NA,149,0,6,6,2,6,3,6,6,1,7,1,1,5,3,4,3,3,4,3,6,2003,#NULL!,1,#NULL!,#NULL!,#NULL!,#NULL!,#NULL!,NA,NA,NA,NA,NA,NA,NA,NA,NA,NA,NA,NA,NA,NA,1,NA,NA,NA,NA,NA,NA,1,NA,0,2,37,NA,1,1,1,3,2,4,1,1,2,3,2,1,1,NA,NA,1,0,0,0,0,1,1,1,1,0,1,1,1,1,1,0,0.82,4,3.5,3.5,6,6,7,6.5,4,3.333333333
149A,3,4,2,3,4,3,4,3,4,4,4,3,4,3,4,3,4,4,4,1,3,1,#NULL!,#NULL!,#NULL!,3,1,3,1,0,1,#NULL!,#NULL!,#NULL!,NA,149,0,6,6,2,5,2,6,6,2,6,1,2,4,4,3,3,3,4,4,6,2002,1,#NULL!,#NULL!,#NULL!,#NULL!,#NULL!,#NULL!,NA,NA,NA,NA,NA,NA,NA,NA,NA,NA,NA,NA,NA,NA,1,NA,NA,NA,NA,NA,NA,1,NA,0,4,37,NA,1,1,2,1,2,2,1,2,3,3,2,3,0,NA,NA,1,0,0,0,0,1,0,0,1,0,1,0,0,1,1,0,0.45,3.5,3.75,3.5,6,5.75,6,6,4,3
149C,3,3,3,4,3,3,3,3,2,3,2,3,4,3,3,3,4,3,3,0,3,3,1,0,5,1,0,1,#NULL!,#NULL!,#NULL!,#NULL!,#NULL!,#NULL!,NA,149,0,5,5,5,5,3,6,6,2,6,1,0,4,4,4,3,3,4,2,5,2001,#NULL!,1,#NULL!,#NULL!,#NULL!,#NULL!,#NULL!,NA,NA,NA,NA,NA,NA,NA,NA,NA,NA,NA,NA,NA,NA,1,NA,NA,NA,NA,NA,NA,3,NA,0,3,36,NA,1,1,1,1,2,4,1,3,2,3,3,3,1,NA,NA,1,0,0,0,0,1,1,0,1,0,1,0,1,1,0,0,0.55,3,3.25,3,3,4.5,6,6,4,3.333333333
150A,2,3,2,4,4,3,4,2,5,4,4,3,4,4,4,4,5,4,4,0,3,1,#NULL!,#NULL!,#NULL!,1,0,1,1,0,1,#NULL!,#NULL!,#NULL!,NA,150,1,5,5,3,6,3,6,6,2,5,1,2,3,3,3,3,2,3,3,6,2002,1,#NULL!,#NULL!,#NULL!,#NULL!,#NULL!,#NULL!,NA,NA,NA,NA,NA,NA,NA,NA,NA,NA,NA,NA,NA,NA,1,NA,NA,NA,NA,NA,NA,2,NA,0,1,36,NA,1,1,1,3,2,3,1,1,2,3,2,3,0,NA,NA,1,0,0,0,0,1,1,1,1,1,1,1,1,1,1,0,0.91,2.5,4.25,3.75,5,5.25,6,5.75,3,2.666666667
150B,1,5,2,4,3,4,3,2,5,4,4,2,4,4,4,2,5,4,5,0,3,2,1,0,5,#NULL!,#NULL!,#NULL!,1,0,1,#NULL!,#NULL!,#NULL!,NA,150,1,7,7,1,7,2,5,5,1,5,1,0,4,3,3,4,2,3,2,5,2003,1,#NULL!,#NULL!,#NULL!,#NULL!,#NULL!,#NULL!,NA,NA,NA,NA,NA,NA,NA,NA,NA,NA,NA,NA,NA,NA,1,NA,NA,NA,NA,NA,NA,1,NA,0,1,37,NA,1,1,1,3,2,3,1,4,2,1,2,3,0,NA,NA,1,0,0,0,0,1,1,1,1,1,1,0,1,0,1,0,0.73,3,3.75,3.5,7,7,7,5.5,3.5,3
151A,2,4,1,4,4,4,4,3,4,4,4,3,4,3,4,3,4,3,5,0,3,1,#NULL!,#NULL!,#NULL!,1,0,1,1,0,1,#NULL!,#NULL!,#NULL!,No issues,151,0,6,6,2,6,3,6,6,2,6,2,1,4,4,3,3,3,4,4,6,2002,#NULL!,1,#NULL!,#NULL!,#NULL!,#NULL!,#NULL!,NA,NA,NA,NA,NA,NA,NA,NA,NA,NA,NA,NA,NA,NA,1,NA,NA,NA,NA,NA,NA,1,NA,0,3,36,No issues,1,1,1,1,2,4,2,2,2,3,3,3,1,NA,NA,1,0,0,0,0,1,1,0,1,0,0,0,1,1,0,0,0.45,3,3.5,3.5,6,6,6,6,4,3
151B,4,5,2,4,4,4,5,3,5,4,3,3,4,3,3,3,5,3,5,0,3,2,2,0,4,#NULL!,#NULL!,#NULL!,1,0,1,#NULL!,#NULL!,#NULL!,Nothing in particular.,151,0,6,6,2,5,2,7,7,1,7,1,1,5,4,4,4,4,5,4,6,2003,#NULL!,1,#NULL!,#NULL!,#NULL!,#NULL!,#NULL!,NA,NA,NA,NA,NA,NA,NA,NA,NA,NA,NA,NA,NA,NA,1,NA,NA,NA,NA,NA,NA,1,NA,0,2,36,Nothing in particular.,1,1,1,3,2,1,1,1,2,3,3,3,1,NA,NA,1,0,0,0,0,1,1,1,1,0,1,1,1,1,0,0,0.73,4.5,3.5,3.25,6,5.75,7,7,4.5,4
155C,2,3,3,3,3,3,2,2,4,3,4,3,3,3,3,3,4,3,3,0,4,3,1,0,5,1,0,1,#NULL!,#NULL!,#NULL!,1,0,1,I didn't have any technical difficulties but was given a different question sheet for Question Set 2 and 3 compared to the rest of my group.,155,1,5,5,2,7,3,5,5,5,4,4,1,4,3,4,4,3,4,3,5,2003,1,#NULL!,#NULL!,#NULL!,#NULL!,#NULL!,#NULL!,NA,NA,NA,NA,1,NA,NA,NA,NA,NA,NA,NA,NA,NA,1,NA,NA,NA,NA,NA,NA,1,NA,0,2,36,NA,1,2,1,1,2,3,1,2,2,3,3,3,0,NA,NA,1,0,0,1,0,0,1,0,1,1,1,0,1,1,0,0,0.55,2.5,3.25,3.25,6,5.75,3,4.25,3.5,3.666666667
155A,2,4,1,4,4,2,3,1,5,3,4,3,4,4,3,2,5,3,3,0,4,1,#NULL!,#NULL!,#NULL!,1,0,1,1,0,1,1,0,1,NA,155,1,6,7,1,7,3,7,7,1,7,1,0,5,5,3,4,4,5,3,6,2003,1,#NULL!,#NULL!,#NULL!,#NULL!,#NULL!,#NULL!,NA,NA,NA,NA,NA,NA,NA,NA,NA,NA,NA,NA,NA,NA,NA,NA,1,NA,NA,NA,NA,1,NA,0,3,37,NA,1,1,1,1,2,1,1,1,4,3,2,4,0,NA,NA,1,0,0,0,0,1,1,0,1,0,1,1,0,1,1,0,0.64,3,3.25,3.75,7,6.75,7,7,5,3.666666667
155D,2,3,2,4,4,3,3,3,4,3,3,3,4,3,3,3,4,2,4,1,4,4,1,0,5,1,1,2,1,0,1,#NULL!,#NULL!,#NULL!,just had some difficulties setting up zoom,155,1,4,4,4,5,3,4,6,5,5,3,1,4,3,3,3,4,3,1,5,2002,#NULL!,1,#NULL!,#NULL!,#NULL!,#NULL!,#NULL!,NA,NA,NA,NA,NA,NA,NA,NA,NA,1,NA,NA,NA,NA,1,NA,NA,NA,NA,NA,NA,1,NA,0,2,37,none,1,1,2,1,2,3,1,3,4,3,2,3,1,NA,NA,1,0,1,0,0,1,0,0,1,1,1,0,0,1,1,0,0.55,2.5,3,3.25,4,4.25,3,4.5,3.5,3.333333333
155B,2,3,3,3,3,3,3,2,3,3,2,2,3,3,3,3,4,3,2,0,4,2,2,0,5,#NULL!,#NULL!,#NULL!,1,0,1,1,0,1,NA,155,1,7,7,1,6,2,7,7,1,7,1,0,4,2,3,4,3,4,3,6,2002,#NULL!,1,#NULL!,#NULL!,#NULL!,#NULL!,#NULL!,NA,NA,NA,NA,NA,NA,1,NA,1,NA,NA,NA,NA,NA,1,NA,NA,NA,NA,NA,NA,1,NA,0,5,37,NA,1,1,2,1,3,1,4,1,2,1,2,4,1,NA,NA,1,0,1,0,0,1,0,0,0,0,0,1,1,0,1,0,0.36,2.5,3.25,2.5,7,6.75,7,7,3,3.333333333
156A,3,4,2,4,4,1,3,3,3,4,3,3,4,4,4,4,5,4,4,0,3,1,#NULL!,#NULL!,#NULL!,1,0,1,1,0,1,#NULL!,#NULL!,#NULL!,NA,156,0,7,7,1,7,1,4,7,1,6,3,2,4,2,3,3,3,3,3,6,2001,1,#NULL!,#NULL!,#NULL!,#NULL!,#NULL!,#NULL!,NA,NA,NA,NA,NA,NA,NA,NA,NA,NA,NA,NA,NA,NA,1,NA,NA,NA,NA,NA,NA,2,NA,0,1,36,NA,1,2,2,3,2,3,1,1,2,3,1,3,0,NA,NA,1,0,0,0,0,0,0,1,1,1,1,1,1,1,0,1,0.73,3.5,4.25,3.5,7,7,7,6,3,3
156B,2,3,2,5,5,2,3,3,4,4,4,5,5,5,4,4,5,5,6,0,3,2,1,0,5,#NULL!,#NULL!,#NULL!,1,0,1,#NULL!,#NULL!,#NULL!,none,156,0,4,5,5,5,3,7,7,1,7,1,0,3,4,4,4,4,3,4,5,2002,#NULL!,1,#NULL!,#NULL!,#NULL!,#NULL!,#NULL!,NA,NA,NA,1,1,NA,NA,NA,NA,NA,NA,NA,NA,NA,NA,NA,NA,NA,NA,NA,NA,2,NA,0,2,36,NA,1,1,1,1,2,4,1,3,2,3,3,3,1,NA,NA,0,0,0,1,0,1,1,0,1,0,1,0,1,1,0,0,0.55,2.5,4.5,4.75,3,4.25,7,7,3.5,4
156C,3,3,2,4,4,3,3,3,4,3,3,3,4,3,3,3,4,3,3,0,3,3,1,0,5,1,0,1,#NULL!,#NULL!,#NULL!,#NULL!,#NULL!,#NULL!,NA,156,0,5,5,5,6,3,6,6,2,6,1,0,4,3,3,4,4,4,1,6,2003,1,#NULL!,#NULL!,#NULL!,#NULL!,#NULL!,#NULL!,NA,NA,NA,NA,NA,NA,NA,NA,NA,NA,NA,NA,NA,NA,1,NA,NA,NA,NA,NA,NA,1,NA,0,5,37,NA,1,1,3,3,2,3,1,1,2,3,3,3,0,NA,NA,1,0,0,0,0,1,0,1,1,1,1,1,1,1,0,0,0.73,3,3.25,3.25,3,4.75,6,6,3.5,3.666666667
157A,3,4,1,3,4,2,4,2,4,4,3,3,4,3,3,3,5,3,5,0,3,1,#NULL!,#NULL!,#NULL!,1,0,1,1,0,1,#NULL!,#NULL!,#NULL!,N/A,157,0,6,6,2,6,3,4,6,2,7,1,0,3,2,2,2,1,4,1,6,2003,#NULL!,1,#NULL!,#NULL!,#NULL!,#NULL!,#NULL!,NA,NA,NA,NA,NA,NA,NA,NA,NA,NA,NA,NA,NA,NA,1,NA,NA,NA,NA,NA,NA,1,NA,0,2,37,N/A,1,4,1,3,2,4,1,1,2,3,3,3,1,NA,NA,1,0,0,0,0,0,1,1,1,0,1,1,1,1,0,0,0.64,3.5,3.5,3.25,6,6,6,5.75,2.5,1.666666667
157B,3,4,2,4,4,3,4,4,4,3,3,3,4,4,3,3,4,4,4,0,3,2,3,0,5,#NULL!,#NULL!,#NULL!,2,0,1,#NULL!,#NULL!,#NULL!,NA,157,0,7,6,1,6,2,6,6,2,6,2,0,4,3,3,4,4,4,4,6,2002,1,#NULL!,#NULL!,#NULL!,#NULL!,#NULL!,#NULL!,NA,NA,1,NA,NA,NA,NA,NA,NA,NA,NA,NA,NA,NA,NA,NA,NA,NA,NA,NA,NA,1,NA,1,5,36,NA,1,1,1,1,2,3,1,1,3,3,2,3,0,NA,NA,0,0,0,1,0,1,1,0,1,1,1,1,0,1,1,0,0.73,3.5,3.5,3.5,7,6.5,6,6,3.5,3.666666667
158A,3,5,2,4,4,3,5,3,4,4,4,4,5,4,5,4,5,4,4,0,3,1,#NULL!,#NULL!,#NULL!,1,0,1,1,0,1,#NULL!,#NULL!,#NULL!,NA,158,1,6,6,3,6,3,4,5,3,5,2,2,3,2,3,3,2,4,3,6,2001,#NULL!,1,#NULL!,#NULL!,#NULL!,#NULL!,#NULL!,NA,NA,NA,NA,NA,NA,NA,NA,NA,NA,NA,NA,NA,NA,1,NA,NA,NA,NA,NA,NA,2,NA,0,2,37,NA,1,1,2,1,2,3,3,3,2,3,2,2,1,NA,NA,1,0,0,0,0,1,0,0,1,1,0,0,1,1,1,0,0.55,4,4.5,4.25,5,5.75,5,4.75,2.5,2.666666667
158B,2,4,2,4,3,3,3,2,3,3,3,3,4,4,3,3,4,3,4,0,3,2,3,0,5,#NULL!,#NULL!,#NULL!,1,0,1,#NULL!,#NULL!,#NULL!,NA,158,1,6,6,2,6,3,4,6,4,5,3,0,4,3,4,3,3,4,4,5,2000,#NULL!,1,#NULL!,#NULL!,#NULL!,#NULL!,#NULL!,NA,NA,NA,NA,NA,NA,NA,NA,NA,1,NA,NA,NA,NA,NA,NA,NA,NA,NA,NA,NA,3,NA,0,1,23,NA,1,4,2,1,3,1,1,1,4,1,2,1,1,NA,NA,0,0,1,0,0,0,0,0,0,0,1,1,0,0,1,0,0.27,3,3.25,3.5,6,6,4,4.75,3.5,3.333333333
159A,2,3,2,4,3,3,3,1,3,3,2,3,4,3,3,3,3,3,2,0,3,1,#NULL!,#NULL!,#NULL!,2,0,1,1,0,1,#NULL!,#NULL!,#NULL!,NA,159,1,7,6,4,3,2,7,7,2,6,1,1,4,2,5,5,4,4,1,5,2003,1,#NULL!,#NULL!,#NULL!,#NULL!,#NULL!,#NULL!,NA,NA,NA,NA,NA,NA,NA,NA,1,NA,NA,NA,NA,NA,1,NA,NA,NA,NA,NA,NA,1,NA,0,3,37,NA,1,1,3,4,2,1,1,3,4,3,2,3,0,NA,NA,1,0,1,0,0,1,0,0,1,0,1,0,0,1,1,0,0.45,2.5,3,3,4,5,6,6.5,3,4.666666667
159B,2,2,2,3,4,3,4,3,4,3,4,3,5,3,4,3,5,3,3,0,3,2,1,0,5,#NULL!,#NULL!,#NULL!,1,0,1,#NULL!,#NULL!,#NULL!,There were only 2 of us.,159,1,5,5,4,5,2,4,4,5,4,1,0,3,3,3,2,2,4,1,4,2002,#NULL!,1,#NULL!,#NULL!,#NULL!,#NULL!,#NULL!,NA,NA,NA,NA,NA,NA,NA,NA,NA,NA,1,NA,NA,NA,NA,NA,NA,NA,NA,NA,NA,2,NA,0,2,34,NA,1,1,1,1,2,3,1,2,2,2,3,1,1,NA,NA,0,1,0,0,0,1,1,0,1,1,1,0,1,0,0,0,0.55,2,3.75,3.75,4,4.75,3,3.75,3,2.333333333
160A,3,4,2,4,4,3,4,3,4,3,3,3,4,3,3,3,4,3,6,1,3,1,#NULL!,#NULL!,#NULL!,3,1,3,1,0,1,#NULL!,#NULL!,#NULL!,NA,160,0,6,6,2,6,3,6,6,2,5,2,4,3,3,4,4,4,3,3,6,2002,1,#NULL!,#NULL!,#NULL!,#NULL!,#NULL!,#NULL!,NA,NA,NA,NA,NA,NA,NA,NA,NA,NA,NA,NA,NA,NA,1,NA,NA,NA,NA,NA,NA,1,NA,0,3,37,NA,1,1,3,1,2,4,1,1,2,1,1,3,0,NA,NA,1,0,0,0,0,1,0,0,1,0,1,1,1,0,0,1,0.55,3.5,3.25,3.25,6,6,6,5.75,3,4
160C,3,5,1,5,5,3,4,3,4,3,4,3,4,3,4,4,5,5,5,0,3,3,1,0,5,1,0,1,#NULL!,#NULL!,#NULL!,#NULL!,#NULL!,#NULL!,NA,160,0,6,6,2,7,1,7,7,1,7,1,0,5,5,5,5,5,5,1,6,2001,1,#NULL!,#NULL!,#NULL!,#NULL!,#NULL!,#NULL!,NA,NA,NA,NA,NA,NA,NA,NA,NA,NA,NA,NA,NA,NA,1,NA,NA,NA,NA,NA,NA,1,NA,0,5,37,NA,1,1,1,3,2,3,1,1,2,3,3,3,0,NA,NA,1,0,0,0,0,1,1,1,1,1,1,1,1,1,0,0,0.82,4,4.5,3.5,6,6.25,7,7,5,5
160B,3,4,3,4,4,4,3,3,4,3,4,3,4,4,4,3,4,4,5,1,3,2,1,1,3,#NULL!,#NULL!,#NULL!,1,0,1,#NULL!,#NULL!,#NULL!,NA,160,0,6,5,4,7,2,6,6,2,7,1,2,3,3,2,2,2,3,1,5,2001,#NULL!,1,#NULL!,#NULL!,#NULL!,#NULL!,#NULL!,NA,NA,NA,NA,NA,NA,NA,NA,NA,NA,NA,NA,NA,NA,1,NA,NA,NA,NA,NA,NA,2,NA,0,1,37,NA,1,1,3,1,2,4,1,1,1,3,1,3,1,NA,NA,1,0,0,0,0,1,0,0,1,0,1,1,0,1,0,1,0.55,3.5,3.75,3.75,4,5.5,6,6.25,3,2
161A,2,3,3,3,4,3,3,3,4,3,3,2,4,3,3,3,4,3,3,0,3,1,#NULL!,#NULL!,#NULL!,1,0,1,1,0,1,#NULL!,#NULL!,#NULL!,NA,161,1,6,6,2,5,2,5,6,2,6,3,3,4,4,3,4,5,4,3,5,2003,1,#NULL!,#NULL!,#NULL!,#NULL!,#NULL!,#NULL!,NA,NA,NA,NA,NA,NA,NA,NA,NA,NA,NA,NA,NA,NA,NA,NA,1,NA,NA,NA,NA,1,NA,0,4,36,NA,1,1,2,1,2,4,1,3,1,3,2,3,0,NA,NA,1,0,0,0,0,1,0,0,1,0,1,0,0,1,1,0,0.45,2.5,3.25,3,6,5.75,6,5.75,4,4
161B,2,3,2,4,3,2,3,2,4,3,3,3,4,3,3,3,5,3,4,0,3,2,1,0,5,#NULL!,#NULL!,#NULL!,1,0,1,#NULL!,#NULL!,#NULL!,NA,161,1,7,7,1,6,1,6,6,2,6,2,3,4,3,3,4,4,4,4,6,2001,1,#NULL!,#NULL!,#NULL!,#NULL!,#NULL!,#NULL!,NA,NA,NA,NA,NA,NA,NA,NA,NA,NA,NA,NA,NA,NA,1,NA,NA,NA,NA,NA,NA,2,NA,0,2,37,NA,1,1,1,3,2,4,1,1,2,3,2,4,0,NA,NA,1,0,0,0,0,1,1,1,1,0,1,1,1,1,1,0,0.82,2.5,3.5,3.25,7,6.75,6,6,3.5,3.666666667
166C,4,4,2,3,3,1,1,1,3,3,3,3,5,2,3,3,5,3,2,0,3,3,1,0,5,1,1,2,#NULL!,#NULL!,#NULL!,#NULL!,#NULL!,#NULL!,NA,166,1,7,7,2,7,2,7,7,1,7,1,3,5,4,4,4,4,5,1,6,2002,#NULL!,1,#NULL!,#NULL!,#NULL!,#NULL!,#NULL!,NA,NA,NA,NA,NA,NA,NA,NA,NA,NA,NA,NA,NA,NA,1,NA,NA,NA,NA,NA,NA,1,NA,0,3,37,NA,1,1,3,1,3,3,1,1,1,2,2,3,1,NA,NA,1,0,0,0,0,1,0,0,0,1,1,1,0,0,1,0,0.45,4,3.5,3.25,6,6.75,7,7,4.5,4
166B,2,3,3,2,2,2,2,1,3,3,2,2,3,3,3,3,5,3,2,1,3,2,2,1,4,#NULL!,#NULL!,#NULL!,1,0,1,#NULL!,#NULL!,#NULL!,NA,166,1,2,2,6,2,5,7,7,1,7,1,0,4,3,3,3,3,4,4,5,2003,#NULL!,1,#NULL!,#NULL!,#NULL!,#NULL!,#NULL!,NA,NA,NA,NA,NA,NA,NA,NA,NA,1,NA,NA,NA,NA,1,NA,NA,NA,NA,NA,NA,1,NA,0,2,37,NA,1,1,1,3,2,3,1,4,2,3,1,1,1,NA,NA,1,0,1,0,0,1,1,1,1,1,1,0,1,1,0,1,0.82,2.5,3.5,2.5,2,2,7,7,3.5,3
166A,2,4,5,4,1,2,2,1,3,2,3,3,4,3,2,1,5,3,1,1,3,1,#NULL!,#NULL!,#NULL!,2,1,2,1,0,1,#NULL!,#NULL!,#NULL!,NA,166,1,6,4,5,6,3,4,3,3,2,4,2,3,1,3,4,2,1,1,5,2003,1,#NULL!,#NULL!,#NULL!,#NULL!,#NULL!,#NULL!,NA,NA,NA,NA,NA,NA,1,NA,NA,NA,NA,NA,NA,NA,NA,NA,NA,NA,NA,NA,NA,1,NA,0,1,23,NA,1,1,1,3,2,1,3,2,2,3,1,3,0,NA,NA,0,0,1,0,0,1,1,1,1,0,0,0,1,1,0,1,0.64,3,2.75,3.25,3,4.75,5,3.5,2,3
